lat,lon,elevation,slope,predicted_wind_speed,grid_proximity,road_distance,residential_distance,heritage_distance,geology_distance,water_distance,cost
32.47233825899753,35.42476136999958,448.1,5.9,6.18,0.69,148.1,758.6,1387.5,412.4,758.3,918.5
32.508768818208125,35.40419130087067,202.4,17.4,4.92,0.39,209.1,289.2,343.6,1103.6,592.7,822.3
32.52419825223677,35.38719091787724,280.1,1.1,7.23,0.46,448.7,196.3,531.7,1245.3,823.0,1256.8
32.53652157851464,35.367635369868765,470.5,18.1,9.6,0.13,448.9,576.8,1200.9,412.7,914.7,1418.9
32.47983549395034,35.42556182929736,309.3,3.9,6.92,0.98,659.7,1120.5,1357.1,1225.5,830.3,1367.3
32.50445274410299,35.43370830654723,334.9,6.1,7.85,0.95,391.3,889.7,607.9,770.0,597.0,1363.6
32.48132621033484,35.4107029481742,490.0,4.8,7.96,0.99,767.9,159.2,122.9,591.4,101.0,905.4
32.535510588763294,35.3691131976519,248.9,11.9,4.74,0.19,241.8,931.1,146.1,115.2,85.0,948.2
32.52203947270708,35.38357199446936,386.2,13.7,8.63,0.76,125.8,597.4,231.3,575.4,844.7,1483.7
32.51424884244909,35.402694830476655,228.5,10.3,7.21,0.84,241.3,213.6,310.9,1276.4,653.8,1329.2
32.51586642270973,35.41933266102916,355.8,17.8,8.25,0.64,518.3,706.3,556.9,1289.0,681.1,1120.9
32.52504124926356,35.39928772527832,235.6,3.1,5.85,0.43,610.7,294.9,871.2,1064.5,717.5,825.6
32.520154006845594,35.38067583916251,363.0,19.4,11.78,0.82,261.1,424.7,638.9,1493.3,263.0,1142.7
32.52352128277868,35.35711272889472,353.5,3.5,9.14,0.86,652.3,503.2,948.7,504.8,882.0,1083.7
32.512642019784295,35.38914814009113,493.6,2.9,8.76,0.35,658.6,544.5,281.9,711.4,726.5,936.3
32.47397914946372,35.415489499807975,234.2,18.9,6.29,0.71,628.9,402.0,909.1,847.4,587.1,1310.0
32.51293137349836,35.407857101489206,339.4,12.5,7.21,0.53,163.6,1100.7,795.2,135.7,118.5,1162.0
32.52788612223824,35.37673957457622,384.4,15.0,5.82,0.78,662.2,426.2,724.5,1275.2,135.5,909.9
32.51954147387615,35.360344015558596,408.6,1.0,8.99,0.61,518.7,331.4,790.3,502.9,136.0,876.6
32.49540386400757,35.416253489191746,401.7,16.1,7.67,0.88,617.3,167.3,138.2,1408.0,50.7,822.7
32.48724174034576,35.411403152017016,441.0,15.4,7.91,0.75,89.3,1154.2,714.1,672.2,802.5,950.1
32.50330461653744,35.41542351196035,378.0,11.0,6.99,0.19,665.8,1049.2,509.0,207.6,949.5,842.6
32.507366201218524,35.4128526841668,400.0,5.1,8.08,0.83,676.7,1137.1,866.7,538.8,108.6,1331.1
32.50357196910287,35.42559871319274,211.8,5.0,9.27,0.97,454.0,794.1,319.9,1170.7,101.5,1451.4
32.52698990049484,35.39712702700833,242.9,18.5,8.6,0.62,207.3,1105.1,1415.0,154.9,917.5,1474.0
32.5255014853428,35.356399852911146,266.6,11.5,7.63,0.87,186.1,126.5,711.1,749.6,566.6,1453.9
32.51383538999689,35.402396016614865,446.5,0.9,7.78,0.83,371.5,312.1,1458.3,811.6,566.6,1424.4
32.50834025573939,35.404690844051125,435.4,17.3,8.64,0.32,170.6,401.6,400.6,462.8,628.8,1232.9
32.53390541618856,35.36352578865612,499.4,19.9,8.3,0.48,612.4,978.2,1143.1,1018.0,951.8,867.9
32.494455667024155,35.42784213603568,492.4,4.2,5.32,0.64,74.6,693.8,1454.4,1229.3,914.6,815.0
32.49512410211655,35.41450065043592,267.8,3.0,8.9,0.84,321.6,1156.3,550.2,214.5,713.7,1152.0
32.51228674454525,35.415432368299214,412.6,6.5,6.17,0.5,274.4,422.4,220.6,1134.1,286.9,872.6
32.52215818546761,35.40994799327542,468.9,2.5,6.41,0.17,88.7,512.5,569.4,711.4,210.2,1302.3
32.526359434978716,35.36474368937806,465.9,2.6,7.88,0.44,331.2,586.9,1082.1,866.8,967.4,1072.1
32.532865832851186,35.364473778021114,239.4,19.4,6.71,0.92,587.4,924.8,316.1,343.5,800.3,1140.3
32.47369338477817,35.414479604089465,332.8,15.0,6.36,0.13,479.2,219.5,548.3,658.6,733.4,812.9
32.52055269120409,35.342864486761556,361.4,6.6,8.42,0.79,391.1,1074.8,367.7,1292.8,748.6,1492.7
32.501762463005605,35.42669369157531,474.6,4.1,4.96,0.82,367.1,833.4,339.7,1237.9,311.9,837.0
32.53502488714884,35.37257721124636,474.7,8.6,5.06,0.53,426.2,906.9,1059.0,221.5,688.4,1348.0
32.51893193037799,35.41332046520577,300.7,9.8,9.47,0.36,726.6,769.9,603.0,395.7,357.4,975.0
32.497571894121215,35.40462630966028,210.4,4.9,9.79,0.52,205.5,774.9,1310.1,460.6,413.8,982.0
32.49962091324261,35.41109963631595,487.0,2.7,8.16,0.36,533.6,1018.0,117.5,1398.4,757.7,865.3
32.481227765243695,35.43923693728879,490.7,16.9,7.67,0.86,460.2,684.3,394.3,705.1,512.3,1213.9
32.495448932828296,35.4293501569825,204.9,13.1,7.48,0.25,255.1,565.7,234.0,471.6,73.6,1389.7
32.50648754605219,35.41974405107784,325.5,5.8,7.52,0.71,172.2,1073.8,1109.2,961.6,826.8,850.1
32.514662636447746,35.38785352342042,332.0,13.2,7.48,0.74,223.5,368.1,1027.9,790.8,520.7,1003.8
32.47652987272263,35.423220467644825,468.0,14.4,8.36,0.35,212.2,384.7,1179.9,237.3,285.3,917.1
32.534745065914535,35.3778225134442,488.7,9.5,4.84,0.27,788.8,1163.5,1115.1,1496.4,459.3,805.1
32.542433444935725,35.365808488583,392.4,5.2,5.95,0.33,761.0,486.7,695.0,886.5,118.0,1148.9
32.50332786306979,35.410641579413316,370.8,17.4,7.31,0.54,295.0,599.0,889.5,1185.1,910.6,1120.6
32.50846332298086,35.417234521974116,451.6,11.4,9.0,0.18,378.5,181.1,868.4,1043.0,802.3,1375.9
32.51988284662572,35.40907938499924,208.7,18.0,9.44,0.16,496.5,130.0,824.7,1428.9,686.5,1366.5
32.522990681204014,35.41267184927508,377.7,0.7,8.57,0.63,539.7,980.7,1346.9,762.3,81.8,972.3
32.49986125201675,35.42234320060093,300.6,7.3,5.55,0.18,479.3,241.2,540.3,1497.4,135.8,1047.0
32.54169395880373,35.37311353338081,430.6,6.2,7.61,0.68,404.8,241.3,473.9,802.1,923.8,868.9
32.51297695502773,35.4294018732601,320.3,18.0,6.91,0.34,798.7,1162.7,869.7,1364.7,998.1,1117.9
32.49195847217798,35.43098059741993,230.6,15.4,8.28,0.56,142.1,1051.0,1411.0,401.2,513.6,966.3
32.51146808698822,35.42316810634364,257.5,5.8,7.47,0.15,179.6,944.3,1451.9,798.7,438.8,1326.8
32.51573789952638,35.36971880574996,480.6,1.2,9.07,0.95,414.2,1045.5,290.4,1179.2,240.8,978.2
32.52918158033508,35.35950562408231,350.2,9.9,6.66,0.68,724.7,987.4,916.3,246.0,354.8,1041.2
32.49551941972309,35.41301846574855,406.6,17.6,6.15,0.78,219.4,898.8,119.7,1473.4,70.7,1379.7
32.536535455967595,35.36561728237768,426.9,13.0,7.95,0.16,80.4,246.7,397.5,1134.9,288.2,938.5
32.50221840788105,35.40469332762047,460.0,13.6,6.26,0.46,590.2,955.6,554.2,363.8,642.6,1336.4
32.5185145612214,35.420988294976965,335.8,2.0,8.08,0.82,779.8,103.1,1452.7,1414.9,887.3,943.5
32.49450094594416,35.41160645375403,377.0,18.9,6.92,0.84,782.7,161.6,605.3,1307.7,431.7,926.5
32.47449438226682,35.42205479226161,271.9,14.2,7.13,0.61,551.0,982.0,578.7,1011.4,695.2,1358.3
32.48992760796968,35.4204865075997,293.4,2.2,7.51,0.37,87.4,530.7,1370.1,573.0,503.5,1143.5
32.54474836383581,35.36991950373933,498.3,3.4,7.23,0.19,183.2,711.3,220.8,1123.5,720.3,1151.2
32.5142233781861,35.40924184119264,414.3,1.6,7.22,0.9,794.6,1024.6,124.4,1331.1,578.3,1141.2
32.47512312814784,35.415878279714555,424.0,18.8,8.76,0.64,182.6,445.6,1181.1,1295.9,580.5,910.2
32.53087843042725,35.378748726664526,436.0,7.2,6.34,0.88,374.6,725.2,1155.3,445.5,176.0,880.6
32.50354277514443,35.410024488165995,359.2,10.0,10.04,0.34,257.4,515.1,1240.7,1091.4,957.2,1456.2
32.51899758876471,35.378691333496725,487.5,14.4,6.9,0.26,71.9,849.8,1039.7,954.6,781.3,985.1
32.492792687636914,35.436634675540205,432.3,4.4,7.45,0.61,65.4,443.7,1019.4,806.6,541.3,1112.4
32.48327630032404,35.42675267800585,340.5,10.4,6.72,0.23,763.8,598.8,406.2,133.4,524.5,1269.7
32.50267901413196,35.43098088101952,347.0,1.3,7.54,0.58,404.4,558.5,1275.8,1383.2,217.9,1083.1
32.51190416730144,35.38372874924753,324.8,12.8,8.11,0.22,288.1,1064.8,1189.8,1214.3,970.0,997.1
32.49683032050104,35.41745979678113,424.1,10.1,7.15,0.4,659.0,731.1,979.2,536.6,861.2,1006.4
32.51882502414806,35.40362537941693,265.1,7.5,8.31,0.69,233.5,451.6,379.5,1155.6,227.2,1086.8
32.479400240942105,35.43665228363371,467.7,6.1,7.77,0.19,311.7,804.5,916.3,1391.1,618.7,846.3
32.50926402289548,35.4113584708571,477.8,12.5,8.06,0.49,140.1,430.2,921.2,193.0,73.0,1213.8
32.478914210467025,35.42552111601471,326.8,15.8,4.25,0.38,193.4,694.3,586.1,1158.3,477.2,862.5
32.48450197894562,35.42196842076557,394.3,9.1,4.54,0.9,687.1,1074.6,1186.1,294.8,304.9,1067.4
32.513957662670464,35.42296053296715,248.2,14.4,6.51,0.24,469.2,1059.6,1426.4,612.1,775.4,836.3
32.48207227625115,35.415378807018016,206.2,14.9,10.19,0.74,749.5,184.0,1068.7,732.3,724.7,1304.9
32.52848349169323,35.3673500351047,358.3,17.9,7.8,0.22,81.6,819.0,889.7,1184.5,95.2,1040.7
32.52417514593421,35.406142100439936,461.8,11.7,5.49,0.3,479.2,1079.3,173.0,928.5,386.2,1083.3
32.51148902862827,35.428267730820906,488.3,17.1,7.84,0.25,272.5,572.7,356.3,570.8,817.6,1000.1
32.51863507947556,35.41700936066659,348.7,10.3,6.41,0.4,743.1,989.1,344.4,487.3,240.5,949.6
32.51117061565214,35.40302054630736,474.5,11.9,6.23,0.19,483.3,1019.2,123.8,486.2,567.8,890.7
32.513224518508494,35.42350629004982,398.5,0.2,6.62,0.45,603.9,714.4,567.6,620.3,770.1,915.8
32.530026540703275,35.36828119304244,315.5,4.9,8.84,0.37,792.2,546.6,211.7,699.3,710.2,925.4
32.507518512094464,35.41686105902684,463.3,6.2,6.53,0.54,418.2,678.5,544.8,620.5,296.3,976.8
32.52623727536366,35.400957610088966,420.5,8.7,6.97,0.24,798.7,493.9,1282.1,558.0,462.9,1197.5
32.525115112319156,35.39432681843082,390.8,9.7,6.18,0.28,568.4,751.2,757.8,1438.5,869.3,1215.7
32.4933164640014,35.43784382263151,403.4,17.8,8.62,0.73,55.5,696.9,292.2,1156.1,717.7,960.6
32.506734274054345,35.4020900034686,432.2,13.2,6.52,0.91,341.8,827.5,1069.5,1456.4,991.6,1381.4
32.485490299373424,35.43050524553958,356.5,11.6,8.46,0.47,530.9,363.4,866.9,660.9,547.8,1154.9
32.51050145976038,35.3788806953534,284.5,14.5,8.31,0.55,261.6,389.8,509.9,315.1,594.5,1093.8
32.471971269340436,35.425578845466156,287.3,16.4,10.15,0.21,684.9,632.4,987.3,166.4,655.4,877.0
32.50492975575309,35.407353177997166,435.2,18.9,7.62,0.42,511.3,1164.9,1007.0,673.0,267.1,809.9
32.49793184552515,35.41278980525985,347.0,0.7,8.77,0.37,774.4,932.4,1063.7,117.1,905.4,1289.3
32.52003933790173,35.35025071026556,241.1,16.0,4.56,0.44,170.7,374.2,696.6,1429.8,302.5,1234.1
32.48177173837049,35.41452128286556,265.2,12.0,6.37,0.89,452.1,1108.7,788.2,1040.9,358.6,994.4
32.52577220457045,35.399539060267095,290.4,11.3,4.43,0.91,589.6,855.7,708.0,566.0,183.3,1045.0
32.49229818117904,35.40642021998927,472.4,4.0,7.6,0.9,733.8,152.2,1072.1,223.2,378.6,859.9
32.52021166357651,35.405667932441965,423.7,11.0,8.32,0.98,693.4,586.4,536.0,1002.7,408.8,1005.0
32.50657359420446,35.395771923724,248.5,15.7,7.03,0.94,412.4,704.1,619.5,183.0,896.0,884.6
32.53231088737605,35.3648042050074,371.3,10.3,8.39,0.18,138.3,1043.0,1351.5,189.8,141.3,1349.0
32.51625741140491,35.393656757008884,388.8,3.4,7.76,0.98,795.5,251.6,1045.7,707.4,927.8,1285.2
32.47717891566718,35.417569459674766,382.7,10.4,8.4,0.22,221.5,148.4,332.7,675.0,463.7,1176.9
32.520099830120685,35.366947290135485,291.4,9.0,8.91,0.91,772.9,936.5,747.9,102.9,377.3,866.5
32.52520212473311,35.407237790205926,268.5,12.5,8.21,0.62,501.8,238.8,797.5,818.5,542.8,863.3
32.538100722703575,35.37719320187653,413.5,15.6,6.93,0.64,355.0,387.8,765.4,1210.3,149.5,883.3
32.48977678719933,35.43977259497763,210.4,13.9,8.74,0.61,171.8,461.9,853.0,815.2,652.6,1248.1
32.47909974806855,35.4245326430089,211.9,11.3,6.12,0.31,247.1,305.5,790.6,1045.3,309.0,913.6
32.5026784090977,35.4340041182644,291.5,6.4,10.12,0.25,63.6,1024.4,235.0,451.7,391.7,1182.5
32.52509358405858,35.373740651566465,295.0,1.8,5.51,0.49,700.2,259.6,881.2,212.7,219.8,1324.8
32.483380966458974,35.436478067559406,461.3,14.2,9.27,0.23,498.7,306.1,323.6,694.5,550.9,1021.9
32.50778184590249,35.40023002478347,292.4,7.8,5.54,0.36,241.5,385.9,209.1,856.5,241.8,1016.5
32.531113634452595,35.37295941934958,395.9,16.6,6.91,0.26,666.9,1164.4,402.8,634.1,210.4,1047.1
32.48494706019886,35.41423338891257,326.9,15.3,7.28,0.83,670.5,112.1,1490.3,179.1,811.4,1382.9
32.47805989819978,35.429138107487084,462.5,13.7,7.23,0.63,231.0,795.4,720.8,1193.5,708.1,988.1
32.516090055706165,35.37820097582098,435.9,12.3,7.66,0.19,117.0,396.5,1203.6,883.4,774.6,928.0
32.47362272946729,35.41657534416533,336.5,12.9,8.26,0.47,156.8,100.9,1130.3,1141.7,64.4,1163.6
32.49041838249086,35.43713026957949,273.9,16.5,5.78,0.85,695.2,321.8,182.8,533.7,237.8,955.9
32.49679069052724,35.43532018463309,365.8,8.7,9.1,0.18,508.3,209.2,122.9,881.9,414.9,992.4
32.51419682489957,35.37326458117735,252.4,10.8,7.92,0.63,113.5,482.7,127.5,1460.6,956.5,1231.8
32.5071195307241,35.429355401792016,392.6,9.8,7.72,0.59,625.7,112.3,925.0,431.6,729.1,1376.1
32.507921039602685,35.40839942292056,225.7,0.1,6.11,0.88,602.2,513.7,773.3,361.1,113.5,1056.0
32.50183638134075,35.4289600288671,230.3,18.0,8.17,0.24,77.0,542.6,714.5,1153.4,567.5,857.3
32.496825590016314,35.410699112309736,200.4,11.4,7.15,0.87,112.3,537.5,1112.0,1124.2,757.1,1175.1
32.514474176004505,35.40731159990341,385.2,0.5,9.54,0.5,306.8,137.3,1442.9,1408.3,540.0,1172.5
32.52209707529176,35.36429566043742,360.9,11.8,8.78,0.44,598.1,564.8,336.8,549.3,355.2,1256.6
32.48360853772166,35.431756045603215,221.8,13.8,10.34,0.65,334.0,220.6,1465.4,1380.7,351.8,982.2
32.53808230713025,35.36936698314572,313.4,6.1,6.33,0.92,159.6,394.8,358.6,1188.3,548.0,1012.7
32.525311305835544,35.38098968518699,213.0,4.3,7.42,0.32,689.5,499.4,1054.0,467.5,371.0,921.0
32.51576237289383,35.37758769052302,383.8,20.0,9.83,0.66,614.8,892.2,264.4,837.2,116.6,880.6
32.51856026482941,35.350602849032114,220.4,17.4,4.65,0.33,307.1,598.2,668.7,656.4,889.9,1105.0
32.4733419086594,35.426386068170906,239.2,19.3,5.23,0.58,608.0,100.6,1269.6,394.1,228.8,930.4
32.52022203751681,35.36686150534859,309.2,4.6,7.96,0.13,607.6,680.0,984.0,664.6,233.7,818.0
32.49457513136341,35.412610540041634,450.6,4.3,7.89,0.66,637.3,739.4,1166.8,1232.6,885.8,989.0
32.491684435352305,35.425707220372544,323.6,7.0,7.88,0.8,646.6,621.1,428.3,1369.4,854.7,1200.9
32.49141716303913,35.40670276784517,313.9,16.8,5.33,0.64,630.4,511.4,666.3,954.3,59.6,1308.3
32.52844308783877,35.378782852097586,476.2,17.2,7.71,0.45,238.4,274.0,605.6,1116.5,890.6,987.8
32.49710765395049,35.43139997636486,409.1,4.2,6.73,0.94,194.7,406.9,615.4,623.0,789.6,1089.1
32.49495370814792,35.43386407830793,346.1,6.1,6.17,0.51,156.7,718.5,1157.7,487.5,258.3,1468.9
32.53300904616078,35.3720141122578,379.5,16.6,8.21,0.25,265.2,699.8,375.4,989.5,574.0,1030.7
32.5331548266451,35.368380477618814,359.0,9.1,4.0,0.3,603.7,1182.4,552.7,520.6,591.6,1098.4
32.52383771337984,35.39222703037645,434.8,6.4,8.17,0.89,614.4,777.5,1035.5,479.7,423.8,856.8
32.533633709700716,35.37434951726711,315.6,5.0,9.28,0.51,165.6,1184.2,717.4,1415.7,355.0,1329.2
32.50902036712481,35.42085871989995,215.0,18.4,7.03,0.96,351.5,841.4,1103.8,120.5,434.7,1391.5
32.4729491010999,35.42358296675434,420.3,15.7,9.93,0.58,791.4,895.9,940.3,1288.2,604.9,1462.9
32.51755508579509,35.36755191038783,369.1,3.6,7.28,0.36,471.2,883.1,299.5,359.7,233.6,1493.3
32.51588910834974,35.41086629705286,381.3,18.2,8.14,0.85,383.9,177.9,593.3,1491.1,524.6,1080.7
32.526472995913004,35.36116047797318,289.2,17.2,6.42,0.68,569.6,562.2,857.6,858.4,941.2,961.2
32.525988202323724,35.401482591989144,297.3,14.0,7.8,0.34,554.3,626.7,483.8,742.5,578.0,956.1
32.49495125896956,35.438654836034644,361.6,8.9,6.18,0.31,60.7,634.0,724.0,982.1,907.7,1387.7
32.485246177694805,35.41084951888593,394.7,8.9,7.97,0.58,627.4,433.6,1290.8,418.0,313.5,1096.8
32.51049333232415,35.42222968924536,307.8,9.7,5.14,0.92,221.2,432.1,760.3,179.2,984.8,940.9
32.51712568913308,35.40640686627485,490.8,6.5,6.91,0.95,739.2,1136.8,1197.5,453.6,172.8,1249.5
32.52009079278993,35.35729404010203,410.9,14.5,5.53,0.37,218.8,686.3,877.3,830.7,990.4,1142.8
32.51438264294406,35.3910143438984,295.3,19.5,6.33,0.55,674.2,312.5,406.7,271.8,233.8,1257.0
32.51238820552568,35.42806607067865,493.1,10.2,5.54,0.77,138.4,171.2,1200.5,100.6,993.4,840.5
32.511133642646385,35.38816405822029,356.5,2.9,8.29,0.78,784.3,889.2,1349.9,558.9,204.4,1077.2
32.51442903406942,35.413578030790525,301.8,14.6,8.38,0.45,710.0,1038.2,478.5,156.7,395.7,1013.0
32.53887289846575,35.365889477261334,406.9,17.9,7.96,0.13,505.7,902.4,1417.0,241.6,618.2,852.0
32.4729626783392,35.42082153324776,401.2,5.7,6.2,0.93,307.3,1138.6,1397.8,1294.0,290.8,1228.1
32.47253176218037,35.422460598343996,220.1,14.3,7.7,0.43,609.6,1019.1,995.6,834.4,748.4,1386.3
32.484231486197416,35.437109486578116,261.5,10.8,8.96,0.65,239.8,1015.8,1362.8,1061.8,710.9,1434.0
32.51758447624244,35.38077358334239,399.7,10.2,9.76,0.53,55.3,1164.7,1131.9,620.0,684.5,929.7
32.516657332159745,35.39138648919166,387.3,6.5,8.93,0.16,205.7,990.8,1172.5,300.2,405.5,1163.1
32.487458221848364,35.4409597210417,245.2,14.0,8.72,0.2,102.9,484.0,710.3,1066.8,664.8,1226.8
32.50937645907463,35.39418001788024,428.9,13.5,5.23,0.45,385.0,810.9,670.7,1418.0,843.7,960.7
32.47917284366452,35.42892381299856,439.8,19.6,9.45,0.95,319.8,406.7,1134.0,103.6,469.2,1243.5
32.497256161471995,35.41772445273843,263.5,16.2,8.56,1.0,297.2,569.8,1160.9,1342.5,93.8,1316.0
32.52592692063379,35.38696886577429,246.4,16.6,6.25,0.15,168.1,258.4,1466.2,819.3,159.2,827.6
32.524576005891525,35.38015210868616,217.6,11.5,6.08,0.21,428.6,472.6,335.7,676.2,938.9,1156.2
32.49449341146681,35.42247790986911,332.5,4.6,7.15,0.79,272.2,975.2,1263.8,331.2,686.0,1051.1
32.48790724297652,35.41553941046134,381.0,6.7,6.07,0.23,316.9,410.2,325.3,1150.4,332.5,1408.9
32.48320623918291,35.42803202076314,461.0,7.2,9.91,0.23,285.3,300.9,1320.7,238.9,272.1,855.7
32.525912092840606,35.369737523348164,236.7,5.2,6.87,0.4,725.5,549.4,510.5,1178.5,811.1,1209.4
32.50790343693786,35.42612300425561,343.9,16.7,8.59,0.98,789.4,1176.3,667.2,375.8,322.2,1349.0
32.526322035373454,35.3826390637037,386.1,7.8,9.49,0.82,518.8,400.0,233.0,469.0,704.1,1274.3
32.505535802405134,35.410315305215924,208.7,13.3,7.63,0.42,618.3,750.7,1013.5,635.9,895.0,877.6
32.5429515861233,35.37222829936063,396.1,17.2,7.93,0.89,543.2,816.3,1058.3,1137.2,212.5,1199.0
32.47827450864118,35.427530323738544,482.2,19.5,8.66,0.59,481.0,546.8,1357.5,1111.9,885.1,993.4
32.47374883643554,35.421160904290026,297.2,17.4,7.38,0.48,509.2,176.1,1223.8,1220.0,528.5,1141.2
32.494345433827114,35.40640818758471,263.5,9.2,6.5,0.59,346.3,222.4,679.5,1304.3,275.7,1170.6
32.53066917858698,35.36518008687768,479.5,7.9,6.77,0.93,752.1,617.4,764.2,570.1,581.7,1321.1
32.496959395016354,35.41251929032295,433.3,19.0,9.0,0.75,275.6,912.9,1099.7,269.9,476.5,1485.9
32.509223105163784,35.38566544353812,352.5,14.0,5.24,0.12,291.3,151.3,672.3,901.9,428.8,1000.9
32.49590155817378,35.40987561743953,323.9,6.1,7.66,0.72,443.5,571.6,709.5,601.3,261.9,1360.6
32.51699631520543,35.410529376560284,390.6,15.1,8.4,0.11,717.4,964.7,438.7,1303.9,788.5,1194.4
32.534394377552715,35.37767627703564,462.1,5.4,7.54,0.43,275.6,919.8,1215.2,1025.3,996.6,1240.1
32.541121558779444,35.36486914710872,446.3,6.8,9.23,0.73,182.8,542.9,1191.5,1208.6,266.4,1111.5
32.52401138843944,35.35902384874771,212.9,6.5,6.74,0.6,227.6,1040.4,956.9,1424.6,960.2,1252.2
32.49908722827459,35.436123244638665,470.9,2.3,7.2,0.91,390.2,127.0,330.5,1468.7,484.7,981.3
32.48486584832505,35.41290337823754,362.6,2.3,8.22,0.98,778.2,640.9,168.9,722.2,471.4,1304.8
32.5086303608461,35.4309548464831,247.8,18.4,9.0,0.85,782.2,1034.8,1262.7,763.1,965.6,1242.8
32.48668009388516,35.4165857490015,379.2,14.3,9.21,0.16,311.2,1190.3,633.4,1012.1,162.5,993.7
32.52052727580168,35.37188012971254,348.2,7.3,7.1,0.95,606.1,325.0,1235.5,672.5,527.3,1100.3
32.49077598696399,35.42895671534603,225.7,15.3,6.9,0.92,74.3,431.6,740.2,639.9,766.1,1426.7
32.53079243646781,35.361922001412424,239.6,1.6,9.54,0.78,542.5,1129.7,159.9,586.6,275.8,1377.2
32.51098469217062,35.389504179151864,343.5,9.2,5.53,0.68,68.7,1118.6,1316.7,194.2,810.2,1131.8
32.50945757238347,35.409366074902664,361.9,5.0,6.08,0.23,430.5,844.5,1313.5,1120.7,941.6,1352.3
32.53654788276,35.372878401401614,201.0,3.7,8.22,0.37,642.7,353.5,231.9,169.3,854.5,1169.0
32.54292519088787,35.36520471670037,442.0,10.5,8.77,0.41,575.9,837.8,624.3,371.5,267.7,968.0
32.49550447887319,35.428449894375724,275.8,10.1,6.77,0.37,335.9,822.3,886.2,422.4,680.8,1125.1
32.52564935811326,35.35016483563835,300.1,16.4,6.21,0.45,94.4,944.9,637.9,1230.8,425.0,1392.4
32.508244571615904,35.40833198481082,297.0,17.0,6.1,0.13,550.2,1049.8,1033.0,677.9,62.9,1296.6
32.50608619181976,35.42442786709218,363.2,17.1,7.85,0.1,456.5,209.9,771.4,1034.7,895.0,1008.1
32.52475832807296,35.365625508468554,289.6,14.1,7.63,0.77,638.3,293.1,1011.1,515.9,266.3,848.7
32.53323017176016,35.36344235467347,453.3,0.1,6.17,0.27,631.6,219.6,466.1,674.6,154.4,1273.7
32.53634344957572,35.37101952918514,353.8,18.0,7.83,0.14,607.3,372.1,1141.4,684.8,800.3,1389.2
32.54017148128773,35.36810045020607,465.9,17.2,9.02,0.55,582.7,1136.2,287.7,1264.2,655.1,1189.0
32.48209285295779,35.41209746711428,378.0,7.3,8.57,0.32,388.1,179.4,1153.2,255.4,564.4,1099.6
32.524508105251954,35.35998596891687,401.9,6.6,8.57,0.73,364.4,321.9,1325.0,618.9,252.5,1373.9
32.51184590035552,35.38736382598605,328.4,2.2,8.98,0.7,596.9,972.4,900.7,1018.2,417.1,1148.8
32.49310875940473,35.41829217273061,365.8,18.7,7.7,0.98,462.9,604.7,1075.5,1264.1,126.7,1343.7
32.4932991991973,35.41030267720896,229.9,1.8,9.53,0.36,135.3,241.5,411.9,1180.1,376.7,1002.0
32.51857098241009,35.37262791380266,360.1,4.6,8.89,0.76,644.8,386.4,805.8,249.3,136.4,1295.2
32.50548271384099,35.41963557116049,299.5,13.1,7.12,0.23,122.5,247.2,1009.1,1423.6,161.1,1280.9
32.513324578246774,35.393035483317604,286.0,10.2,7.59,0.94,75.5,213.6,1319.2,268.2,652.4,1380.8
32.490274877690794,35.41520203206341,481.0,19.3,8.77,0.88,552.2,369.1,662.9,333.6,306.9,828.5
32.48849848136108,35.42945869066387,399.1,5.5,7.66,0.21,208.1,149.6,1470.8,1448.1,383.7,994.9
32.49944156597433,35.434392762587265,479.9,10.3,7.3,0.36,676.6,1118.5,1189.7,1446.0,205.0,928.3
32.52790048398289,35.354383938903,352.8,10.6,5.43,0.11,669.8,255.1,1405.7,1202.5,538.8,1019.7
32.50524088717431,35.39019721130325,338.1,17.4,6.54,0.71,448.1,789.5,1374.9,219.7,486.5,1146.1
32.52558313114452,35.36620127396595,453.8,9.3,6.77,0.99,691.9,801.5,504.5,290.8,491.0,1198.2
32.5140285773588,35.408129122645306,443.3,10.6,7.2,0.96,527.1,938.5,735.7,1272.9,699.6,1478.2
32.48625891733779,35.413312661041765,360.3,2.8,4.22,0.76,263.4,351.7,319.3,738.2,685.5,1423.5
32.529054950665056,35.37322595255958,369.1,18.6,6.32,0.37,570.7,1040.5,229.9,1385.4,713.0,800.4
32.48021341539857,35.430280281484954,398.7,14.7,6.13,0.49,542.7,367.1,794.7,1462.5,857.9,978.6
32.49932248369937,35.42716715899391,390.4,9.0,8.27,0.29,288.5,1122.4,721.1,815.8,874.5,1297.3
32.5155666112927,35.400320276665816,455.0,15.3,10.54,0.74,307.8,214.0,957.7,729.9,547.6,995.9
32.51008482858523,35.38130755377534,230.3,5.7,7.93,0.37,547.2,1057.1,1285.8,1270.9,563.0,955.0
32.51889982932831,35.385202746721596,372.3,19.3,9.81,0.57,264.0,1033.5,1424.1,536.6,404.1,941.5
32.519408536980386,35.34034015692265,209.9,14.9,9.12,0.6,719.5,1038.1,620.5,1333.7,320.0,1202.5
32.53443679085203,35.37690821606411,327.7,7.2,8.23,0.88,568.1,333.8,756.3,160.9,194.7,1172.8
32.495759335834066,35.4379767233456,333.8,9.2,9.59,0.89,82.8,716.8,138.8,1260.1,174.6,1137.8
32.528621676148,35.35849118577777,434.0,9.4,5.82,0.63,101.8,624.9,1242.5,829.2,935.9,1337.2
32.512397527356036,35.39899308744941,258.1,16.2,7.27,0.62,588.3,732.6,345.1,1386.6,443.6,856.3
32.519271894791665,35.39108267674585,350.7,6.7,6.95,0.49,220.3,1046.8,1336.6,848.9,952.6,948.0
32.497372263418654,35.42973664828168,302.7,10.3,6.02,0.16,367.7,467.4,507.9,1170.9,763.3,983.5
32.495612082286634,35.42450984185248,455.7,16.7,10.25,0.53,212.7,856.0,613.5,1390.4,117.3,974.3
32.52423250225568,35.368901497903046,230.6,13.0,6.43,0.13,134.4,459.6,1481.8,1002.0,727.5,1275.6
32.494314823291475,35.424395819559486,387.7,3.2,9.43,0.14,497.9,113.6,369.9,189.4,328.1,1247.9
32.52271751072529,35.37623256732526,301.5,7.0,4.64,0.77,157.4,244.3,428.1,1110.9,715.6,1368.4
32.52110715849924,35.34663478551729,238.6,0.7,7.18,0.77,428.4,570.2,1470.1,902.8,420.5,960.3
32.51356374056062,35.39538139450587,286.1,0.8,6.44,0.38,423.1,629.2,1488.7,1194.0,661.7,1430.8
32.52849979315594,35.388564754267826,279.1,18.4,7.01,0.71,162.4,452.4,480.3,1410.8,168.3,821.8
32.51216405530429,35.402389636259315,258.4,4.4,7.4,0.19,262.8,137.7,222.9,403.0,817.2,1429.3
32.48037542108293,35.40982532047264,286.4,3.5,7.85,0.11,561.6,384.1,503.3,678.3,252.8,1407.9
32.521608293043506,35.37561945398465,292.5,6.1,6.29,0.86,267.2,781.6,1078.3,582.6,951.9,1422.9
32.480669026771615,35.42512759463404,390.3,8.2,8.35,0.9,427.8,1187.7,258.7,1311.5,421.7,860.5
32.52136528395813,35.41644972535436,492.8,9.9,5.82,0.59,148.2,359.2,138.5,410.6,740.9,1066.7
32.529068942736195,35.37966878469044,306.8,19.1,7.91,0.18,125.8,392.9,887.4,1024.4,320.7,1367.7
32.49991717836232,35.42870466913595,474.1,6.0,9.8,0.41,476.3,132.5,1007.5,205.8,132.8,874.8
32.52032370863381,35.339442513678094,341.6,5.8,8.61,0.14,764.4,894.8,178.7,485.5,762.4,874.7
32.49729358785352,35.416487621506086,378.0,1.0,8.28,0.93,65.3,676.6,511.1,1117.1,474.9,1049.2
32.50509341591402,35.401177625895414,202.9,8.4,6.03,0.72,782.3,140.6,728.5,435.5,329.1,1287.5
32.5120028387416,35.395465223067696,421.8,6.5,5.83,0.39,359.4,309.0,917.1,1371.9,863.3,905.6
32.52591165361518,35.38775746849246,209.7,6.5,8.39,0.29,241.7,738.5,127.3,1123.1,462.2,1395.4
32.53010435394155,35.382510132517716,438.8,2.4,9.11,0.21,662.3,746.2,974.0,695.5,392.5,1048.2
32.520765224309315,35.39364666182649,424.1,17.2,6.29,0.66,254.7,279.6,659.8,160.7,781.3,851.5
32.514802850962425,35.42682517539106,454.5,17.3,4.68,0.68,672.7,815.6,337.4,673.0,599.6,1134.6
32.53307987812582,35.38022417967814,308.5,13.3,6.89,0.74,617.0,298.3,735.6,357.5,576.3,1105.1
32.49337953179347,35.43286728985382,409.9,4.6,9.19,0.25,212.8,1054.4,1492.7,530.1,318.7,1265.8
32.49748127963683,35.41605918246325,446.3,8.9,7.18,0.62,730.3,1053.3,519.5,1275.0,110.5,870.4
32.4843236437262,35.41894528218602,399.8,16.6,7.03,0.78,327.4,624.8,1456.8,337.7,980.9,1029.7
32.50824047444509,35.384145347759954,426.7,4.0,7.47,0.14,442.7,666.0,284.6,1055.4,237.8,1207.7
32.51355450760976,35.4260143567554,247.3,4.8,6.26,0.81,675.8,1126.0,818.1,1315.1,355.8,891.5
32.541622615481494,35.366451448518056,269.4,2.8,6.45,0.45,725.4,314.4,938.8,586.4,433.5,1172.4
32.518802301702145,35.373780586849605,438.5,11.3,6.42,0.34,395.6,487.3,1146.1,1249.1,99.1,1413.2
32.54032458058695,35.3715248758965,366.2,16.6,5.82,0.34,574.7,717.2,983.6,936.8,267.7,1361.0
32.51253676720617,35.39964845724173,413.7,14.8,10.62,0.87,502.6,1199.8,1189.2,1071.5,773.1,1278.9
32.51863305939822,35.35004246327568,381.4,11.7,6.9,0.32,551.5,316.8,710.4,197.6,820.2,888.6
32.53331473727476,35.358639794962656,267.4,0.7,7.02,0.67,227.4,528.7,438.9,1225.1,825.2,962.7
32.518373240721836,35.35069963838597,288.4,1.0,10.01,0.11,655.7,1034.0,1145.4,638.1,202.2,1454.7
32.5207486080446,35.39002413585962,211.0,16.5,7.11,0.4,658.1,930.8,162.8,848.2,988.1,924.2
32.51418280837709,35.41159077603719,316.8,0.2,8.58,0.37,554.8,588.0,560.7,1063.0,972.8,1184.7
32.5103585704553,35.422451364491856,240.0,0.3,7.53,0.55,67.8,393.1,1115.7,860.5,81.2,1136.6
32.53748082130041,35.36579104514509,264.5,19.7,4.83,0.67,713.9,751.2,1327.2,283.6,623.3,908.0
32.48036250247722,35.43328458207183,418.1,2.2,9.14,0.25,171.4,592.3,1340.0,430.8,905.3,1111.3
32.47290334093069,35.41707558000829,437.4,17.2,10.12,0.84,738.4,336.6,1237.9,112.4,368.5,1246.9
32.5114577936167,35.40925362920972,468.1,5.4,5.0,0.85,563.1,612.1,1210.3,1088.7,734.2,862.0
32.49728955395156,35.42692849429559,468.7,11.7,6.29,0.48,185.4,174.6,1129.0,1364.6,130.5,1189.9
32.499492634216956,35.42732211159732,491.7,7.3,9.05,0.29,554.9,166.3,1215.1,732.9,396.0,959.1
32.51009806566653,35.41274324624545,222.0,11.9,9.45,0.43,658.2,866.2,976.6,702.3,806.2,1080.7
32.495878348271766,35.43240822664724,270.8,14.1,6.01,0.42,744.3,1001.9,956.2,165.7,844.2,1091.4
32.5020468911181,35.40919787314901,293.8,5.1,7.03,0.51,201.9,879.7,565.7,929.8,884.6,1080.4
32.50177127693248,35.43265487510816,392.8,20.0,5.04,0.38,608.5,1036.9,939.6,644.5,344.5,948.4
32.505548801613614,35.42254295723697,371.4,13.2,8.98,0.38,164.5,146.9,1339.9,856.0,775.5,869.4
32.51132680323676,35.422091037475994,474.4,3.5,5.78,0.68,138.5,1103.2,973.7,859.6,188.6,1413.2
32.4974126143579,35.405798376094346,498.4,14.6,7.99,0.31,661.5,172.1,443.5,1452.2,477.8,1212.3
32.50577445454424,35.39324445780513,474.6,4.0,6.45,0.78,65.2,728.5,1027.0,1077.1,986.0,895.9
32.52495597593519,35.40210145680863,452.8,16.8,5.15,0.83,694.7,690.9,146.5,1269.6,107.2,886.3
32.51286257848113,35.39059285727523,401.9,4.1,6.56,0.92,137.5,221.9,326.4,1290.6,598.5,859.6
32.4919240520632,35.43375803884847,251.1,1.1,7.64,0.7,119.1,603.3,418.7,119.7,981.4,835.7
32.52902422326454,35.38654743420422,387.5,9.1,6.59,0.71,734.0,891.6,1352.0,1461.2,867.8,973.7
32.51025106248514,35.38753114857858,467.1,5.8,7.4,0.55,769.4,406.2,1456.0,363.3,920.2,1319.5
32.48055089155032,35.42136153001312,408.5,9.1,4.0,0.84,55.4,452.6,1151.5,970.3,417.9,932.9
32.51689995922596,35.38992433922762,383.5,15.8,7.82,0.8,536.8,510.6,487.3,1404.7,993.4,1178.4
32.524743569409,35.38894196576183,457.1,16.2,7.97,0.68,510.2,364.8,1015.8,541.2,743.8,1439.0
32.48099301285905,35.418042767028375,266.2,15.0,4.09,0.31,202.4,1071.7,1474.2,660.5,250.7,1407.1
32.52512091956462,35.38741271630703,302.4,8.2,7.19,0.36,208.2,728.3,1144.7,753.7,516.9,1113.2
32.48024865218907,35.4369687759544,412.3,8.1,6.84,0.83,239.5,897.6,346.6,1332.2,671.9,1159.1
32.490384883839866,35.42754771455548,242.3,17.5,6.69,0.39,276.5,533.7,921.6,747.7,880.9,1067.2
32.51567823683523,35.392948873213975,214.2,17.2,8.42,0.66,282.9,1041.4,161.9,1324.7,717.5,1190.6
32.52079640655389,35.393004052363544,226.8,5.8,7.86,0.66,623.7,321.0,1181.1,105.7,992.2,1495.2
32.515930110795956,35.41748610957292,309.4,1.1,7.99,0.51,688.2,441.9,598.5,1398.9,178.0,1096.3
32.505263390925215,35.41785101208345,404.2,5.1,7.54,0.92,433.5,449.3,153.4,642.0,436.6,1389.1
32.47896261640169,35.4352883432558,271.8,1.7,9.71,0.9,112.2,821.7,969.1,728.2,186.7,1470.8
32.509891503880276,35.42711943741475,442.3,16.7,6.6,0.15,412.5,346.6,969.2,178.2,336.6,1083.4
32.50427815200611,35.40303721909791,332.1,18.7,8.91,0.69,228.6,383.0,1441.5,1142.6,322.2,1013.9
32.4987474321575,35.41772203158844,395.0,19.8,6.12,0.79,336.9,902.5,1494.7,156.6,388.7,966.2
32.490156098609766,35.42453388490481,319.4,6.1,7.29,0.35,515.5,889.6,521.9,996.2,833.7,1308.4
32.49628722986343,35.41074108173637,312.8,2.9,5.92,0.84,313.3,555.8,842.4,1149.4,891.7,1207.6
32.50584958005442,35.386825632240964,407.6,19.7,7.32,0.85,175.1,422.2,1223.8,134.8,283.9,924.8
32.47969033575614,35.420104639041014,388.4,15.3,7.54,0.31,326.2,1003.2,1268.4,173.2,400.4,832.0
32.52464682281727,35.35408451645023,322.8,2.5,6.3,0.54,372.3,826.1,891.5,450.3,853.4,1196.2
32.500847570628565,35.418570043881104,254.3,2.2,7.41,0.36,494.0,620.8,694.8,877.3,84.6,1458.6
32.505334049293175,35.398232534882226,348.1,17.5,6.49,0.32,324.8,347.7,791.4,1102.1,451.3,889.6
32.48890235165905,35.41808578675555,300.2,9.3,6.09,0.27,378.6,175.4,318.8,1005.7,345.5,888.2
32.52050791363578,35.37450480035221,418.9,7.6,8.46,0.54,793.7,213.1,473.2,1183.8,252.7,1264.9
32.51775536101842,35.41612508406222,250.1,0.1,7.02,0.95,326.8,127.4,1439.8,202.9,203.8,1351.8
32.50504743787767,35.432211694317694,305.7,3.9,8.36,0.93,346.1,305.4,589.1,721.8,796.5,976.6
32.506821440082035,35.39543788080406,245.5,8.5,7.17,0.48,766.9,333.3,724.2,304.4,972.5,1018.8
32.52015630501153,35.38285352762104,347.2,0.8,5.82,0.59,71.6,612.6,1226.3,607.6,631.9,928.6
32.50589844337805,35.43296198763833,361.7,5.3,6.49,0.3,573.0,665.3,401.9,271.2,461.8,1415.1
32.52046057250546,35.35196770051988,342.8,6.1,6.62,0.92,328.8,915.2,537.4,961.5,158.3,1485.1
32.50868150667726,35.39110401729855,417.7,15.8,7.92,1.0,470.3,228.5,381.0,208.6,221.4,948.7
32.528257445147744,35.36567660795902,367.7,15.2,4.3,0.87,722.3,658.7,553.9,1253.0,703.7,1323.7
32.52353465971832,35.38994081069619,397.3,0.8,8.64,0.85,336.7,847.7,183.4,510.8,493.5,1178.5
32.523739882546536,35.364062652706046,376.3,1.2,7.7,0.66,450.8,318.0,142.8,940.9,583.5,1282.8
32.52876865650017,35.3922309018202,473.4,15.5,6.65,0.48,389.1,601.6,611.1,1056.6,910.3,1440.5
32.516345775447824,35.370267247549215,433.2,16.9,7.94,0.62,597.6,819.1,483.1,233.9,760.2,923.1
32.515316358613944,35.38976514420398,324.5,18.4,8.54,0.69,204.0,275.8,1106.3,668.3,54.8,1433.7
32.49664601133826,35.430111666476,244.7,6.0,8.37,0.88,680.0,777.6,810.9,308.9,129.9,1131.3
32.48068471631282,35.4215276914099,453.9,1.5,6.82,0.67,369.7,280.2,1107.5,1422.6,72.5,831.9
32.52352524477291,35.40804522625103,227.6,18.8,8.67,0.93,622.3,628.2,1212.5,929.6,710.7,818.9
32.52641524970788,35.36426197448199,323.0,4.1,7.23,0.53,411.9,423.8,1261.7,1456.2,972.6,1127.5
32.493283506827574,35.43639190963509,205.7,0.4,7.25,0.32,93.3,586.4,852.1,909.8,292.0,1207.7
32.51008153318034,35.41084463005734,348.5,7.4,9.46,0.14,168.5,1088.2,347.2,457.6,690.9,1446.6
32.522881944158335,35.3811024297155,262.8,19.0,6.85,0.41,690.5,658.7,1020.3,281.3,400.4,1048.3
32.492608704511504,35.42232214218948,402.4,2.4,5.91,0.49,248.3,447.4,510.8,531.1,76.5,1122.0
32.541318479034786,35.36528766793151,415.6,5.1,4.54,0.22,797.0,963.1,641.9,306.7,551.3,1058.5
32.509297851150734,35.394756857395095,499.9,11.0,7.35,0.73,297.0,1157.9,1030.6,1159.2,255.2,1102.7
32.537593024420566,35.37578054369804,304.2,18.9,8.83,0.78,670.4,993.3,1104.7,987.3,155.4,1068.2
32.532694493114384,35.367196584221546,250.7,7.6,8.89,0.84,652.8,507.8,1324.5,979.6,768.1,1053.9
32.5367235782124,35.372913415818026,434.8,5.4,6.77,0.77,118.6,553.7,641.6,1034.0,323.8,1039.4
32.539600824196505,35.37975055001558,439.2,14.7,8.17,0.14,264.7,1057.7,1271.9,1384.3,666.1,1266.6
32.49154333464585,35.43013293284591,280.7,12.3,6.44,0.51,549.6,982.1,988.2,233.7,451.0,1471.9
32.495871634049294,35.42444467418849,385.0,13.7,6.31,0.46,668.0,298.4,442.0,900.8,945.7,875.8
32.49380199915844,35.43356098575441,429.2,2.6,4.97,0.37,188.6,1030.5,126.2,630.6,286.4,984.3
32.52934381884965,35.36854678910386,349.3,7.3,4.0,0.25,90.7,229.6,1190.2,239.6,742.2,1483.0
32.51260436171084,35.41022729236417,364.3,15.9,6.98,0.29,425.1,1007.2,113.0,1216.1,103.5,1388.8
32.5206762130141,35.40369912770244,276.5,4.9,7.61,0.42,518.4,867.0,339.7,961.0,880.4,1285.5
32.49816512827124,35.42083233130857,341.0,11.1,7.99,0.26,184.8,1078.5,254.5,780.5,260.7,1318.0
32.51369324050054,35.41261370734219,484.6,7.2,4.84,0.91,518.3,1163.9,1221.5,212.1,91.0,1188.7
32.511449961050985,35.401577329183,284.2,13.5,5.83,0.3,306.2,1086.1,718.5,485.4,753.7,881.6
32.527914897826534,35.383374622703414,244.8,18.6,8.57,0.54,278.2,304.6,424.1,190.5,853.5,1124.8
32.526945410066,35.39726172191785,443.0,10.8,7.59,0.32,355.4,1095.0,425.9,787.3,353.8,1198.4
32.51884468987842,35.34071568409763,351.8,18.0,8.8,0.3,208.7,662.8,1438.0,343.9,397.3,857.4
32.52424954948114,35.356638734730744,358.7,7.1,8.82,0.87,742.8,342.9,1469.8,1409.7,807.8,1498.6
32.49570404351071,35.408040212163435,232.5,12.3,7.07,0.56,618.7,1053.6,580.3,298.8,201.4,1422.6
32.52903105047291,35.37379036003028,217.1,14.2,6.32,0.51,309.3,835.5,1244.6,384.7,104.6,1461.2
32.53232047980672,35.37241819511376,408.9,6.3,11.22,0.83,183.2,858.6,113.4,325.4,832.4,959.3
32.48398140388901,35.43824059375,456.7,12.8,7.47,0.69,98.2,364.2,1005.5,240.3,929.9,1460.4
32.51641443882226,35.38207634260506,250.9,11.8,8.45,0.66,794.7,767.4,1264.5,615.4,198.8,1024.8
32.485798480137106,35.428277910146306,236.4,2.1,9.74,1.0,736.6,1019.6,1373.4,916.7,131.9,1165.8
32.50603482448553,35.387455874515744,450.1,9.9,9.04,0.65,258.2,557.8,695.1,686.4,72.2,1229.2
32.50511528992943,35.42605066745186,311.5,1.9,8.55,0.51,667.5,236.7,936.7,687.8,351.4,1314.2
32.53523021451373,35.360857695495085,481.7,13.7,6.85,0.99,295.4,355.2,149.8,1074.2,655.8,1345.1
32.529345040886625,35.38565668031613,288.0,0.3,6.59,0.53,313.9,505.8,820.1,900.2,306.0,1274.9
32.47416361815491,35.4314995021218,210.7,5.3,8.52,0.77,738.8,348.2,181.9,136.6,645.8,1092.4
32.532779901533196,35.372873056676795,460.8,14.1,5.8,0.36,145.3,1112.7,1415.9,879.6,527.1,1444.1
32.51461815122425,35.38094190010618,290.9,11.4,6.31,0.6,513.3,681.2,591.5,1072.2,802.4,1056.3
32.52406302631666,35.40907324109849,321.9,18.8,6.93,1.0,775.3,329.3,1212.0,860.2,443.3,1120.4
32.52823693704017,35.377994283552766,225.1,10.5,5.48,0.98,114.6,373.8,750.1,643.6,966.9,1440.5
32.513667556395816,35.38668544193532,488.4,8.3,8.05,0.11,190.3,721.9,1212.3,1273.0,291.1,909.2
32.52162664879294,35.361159915952584,408.8,16.1,4.9,0.17,238.5,182.7,278.9,502.3,287.2,925.1
32.517683194255405,35.40015466019173,254.5,5.9,8.66,0.14,725.6,704.8,1444.4,670.9,327.0,1095.7
32.49039861946975,35.42438422133872,423.4,6.5,9.52,0.28,522.7,1046.7,1418.9,789.0,748.8,1328.7
32.53179361957965,35.38277439083775,339.5,13.1,8.51,0.9,670.1,127.5,852.4,647.5,702.4,1287.9
32.50517105159772,35.4329475678154,439.0,0.3,8.41,0.88,497.0,740.9,983.9,611.5,439.9,853.5
32.51792444334053,35.41963602579673,407.6,16.8,7.37,0.34,234.7,585.1,359.5,700.0,568.4,1147.0
32.472974264551404,35.421392560985595,447.0,7.5,4.41,0.6,355.9,774.5,400.1,682.1,202.4,1041.1
32.51579547515025,35.36916976148383,241.9,10.9,7.44,0.44,734.3,666.6,1411.8,1261.9,680.3,1274.8
32.52493306237444,35.358821413125945,464.2,16.9,9.06,0.54,284.4,386.0,514.5,428.8,303.8,1011.0
32.510314732891494,35.43051054392882,359.7,0.1,10.02,0.84,596.3,356.5,1452.2,542.1,772.3,1183.3
32.47836100968898,35.423871853528084,375.1,14.3,5.8,0.74,65.1,716.1,199.1,888.8,472.0,1221.8
32.50810656027259,35.4107687983458,370.4,13.8,8.15,0.53,179.5,812.3,1214.1,635.9,738.9,851.9
32.506301424652115,35.406473285369465,328.3,7.6,8.51,0.3,729.2,969.6,512.7,611.6,669.3,951.6
32.50100775017443,35.40791967530731,242.5,16.6,6.98,0.67,488.2,1050.7,697.0,370.6,331.3,924.7
32.48193947497146,35.41349676875658,287.1,10.3,8.33,0.22,436.7,725.1,623.9,895.5,997.3,1144.0
32.49020845350461,35.405850128199546,226.8,8.4,7.13,0.88,441.5,468.6,1215.1,1078.1,904.8,1110.7
32.477632521305914,35.41979424959675,384.3,0.3,4.18,0.68,714.5,320.2,510.0,1056.4,154.4,1096.5
32.52112324954608,35.409714940409685,258.2,2.2,7.62,0.69,416.3,335.9,643.4,118.6,940.4,1258.1
32.50162116167943,35.42546805108113,470.9,8.7,4.64,0.49,131.8,1057.7,1341.8,135.1,176.9,1013.6
32.53205140181317,35.36954618064935,352.5,18.7,7.21,0.65,628.5,761.9,721.1,131.1,378.4,1340.7
32.483514796902774,35.426310421370424,214.7,6.2,8.41,0.9,310.4,1143.8,1135.2,661.3,234.1,1159.7
32.52540144492092,35.35539951842353,306.3,14.5,6.25,0.97,459.1,1083.0,707.1,378.5,755.9,821.8
32.52559832359406,35.38162496843354,479.8,17.2,6.42,0.61,573.1,720.8,901.5,1283.8,564.0,1238.5
32.49848541741571,35.424536829973576,477.6,4.1,6.23,0.81,482.2,638.9,1285.5,1004.0,621.8,1397.9
32.48373390284695,35.43777548342075,306.9,13.8,7.72,0.86,202.5,494.4,416.9,886.2,502.6,1489.2
32.51113561542584,35.38068130375545,298.8,7.2,7.16,0.7,76.5,669.8,935.4,622.4,901.1,1170.3
32.51888336649857,35.35625552302758,265.4,18.5,6.91,0.28,152.3,1027.4,686.3,532.1,194.5,933.1
32.499540839863386,35.432463530868176,479.8,13.3,6.39,0.4,285.2,908.3,971.2,562.7,369.7,1413.1
32.524357820159295,35.387519806939295,286.5,0.4,8.94,0.64,234.0,768.1,1382.3,770.1,297.8,1365.5
32.519605611446146,35.39350417206988,305.9,15.2,6.47,0.52,351.4,245.2,813.8,332.4,808.3,817.5
32.52795750052601,35.36199484590069,346.5,2.6,8.1,0.72,150.3,836.4,830.0,1100.9,855.2,952.8
32.51202275285011,35.392614337132784,224.6,6.8,6.76,0.95,141.0,463.4,1362.9,1016.6,657.0,1225.9
32.508407468252386,35.39950515162666,330.6,18.2,7.47,0.49,439.9,1145.1,588.2,543.3,346.1,1433.9
32.47592470332035,35.411603098140226,441.1,17.3,6.08,0.26,406.1,1000.8,292.3,1083.9,534.0,1009.4
32.52320641225434,35.36155655692776,236.8,17.3,9.9,0.57,133.3,827.0,902.6,472.6,331.9,966.8
32.49570125973116,35.42759287745135,401.5,15.9,7.7,0.6,510.3,804.8,382.4,901.0,873.5,906.1
32.49212232959678,35.40920723789025,301.0,6.8,8.43,0.95,225.0,224.3,1454.0,213.3,675.0,1427.9
32.5211872654282,35.37629989329206,465.0,2.6,8.47,0.12,103.1,855.0,585.2,591.2,670.1,1039.7
32.49559925646853,35.423759410008124,438.2,6.4,7.41,0.8,521.7,756.3,1259.2,1193.3,845.2,1130.6
32.48707162927194,35.43645594194537,204.5,17.2,6.71,0.78,272.0,272.6,127.9,332.6,678.3,1269.9
32.52228717694418,35.33941904704971,234.0,3.4,5.52,0.52,614.8,785.4,1477.5,510.7,252.5,1265.9
32.47997434363762,35.43696893367945,472.6,7.4,11.19,0.43,315.9,1050.9,717.1,1015.3,333.6,946.0
32.50171711914215,35.4221098998249,368.7,11.7,8.81,0.66,476.6,286.2,995.4,1016.2,133.5,1285.3
32.49070499546217,35.41075030658555,348.3,20.0,7.38,0.42,751.4,127.3,1493.6,455.5,477.3,1492.4
32.51304000922975,35.376969934493246,349.3,6.6,8.64,0.41,301.9,1035.9,788.7,1445.0,528.8,1069.1
32.52202281611041,35.34685032330062,392.3,4.0,6.14,0.31,287.8,547.6,1066.8,1438.6,564.8,1053.2
32.48751536603104,35.42851327622053,339.6,18.7,6.61,0.97,791.8,257.2,579.5,1036.1,630.2,1215.5
32.51937335890407,35.36790825696134,454.8,16.1,6.76,0.72,770.4,201.6,228.2,211.2,983.8,957.5
32.49335867384761,35.40680389466293,203.3,1.1,5.71,0.81,451.1,619.1,924.9,1450.1,99.7,1034.9
32.51610745986282,35.37338144137772,327.6,17.7,9.08,0.21,402.5,393.1,1143.0,985.6,547.8,1028.7
32.53999782084058,35.364379487430675,428.9,13.9,5.3,0.46,609.8,535.2,368.1,788.5,130.0,1016.6
32.4941861349239,35.4047023861919,209.4,5.1,4.66,0.99,302.2,385.0,833.3,477.8,756.0,1484.8
32.50536386383089,35.43471101741991,238.9,3.6,7.56,0.78,439.0,961.0,103.4,781.4,880.5,1042.3
32.48306931517103,35.433882108455116,360.7,15.3,7.29,0.9,200.8,247.2,915.0,281.1,163.3,1091.2
32.521934087204116,35.35021633120765,480.2,1.7,9.92,0.29,640.6,966.8,1407.3,459.3,868.7,1037.7
32.515084519998645,35.3951835068653,470.8,9.7,10.47,0.81,120.4,331.8,400.3,544.6,449.3,844.6
32.501966178788244,35.41702760175279,482.9,15.4,7.61,0.63,526.3,684.3,1114.5,746.9,773.9,1166.7
32.53705867945854,35.38133635725633,409.4,12.1,6.35,0.86,470.6,146.3,1470.7,1314.2,895.9,1140.8
32.495164448710995,35.412322289327484,342.3,15.0,8.06,0.28,438.3,292.5,665.7,808.4,787.9,1122.7
32.47839430332526,35.43002531500181,495.1,3.2,6.51,0.32,384.5,100.8,1178.0,724.1,830.8,1040.3
32.52142461483013,35.394217122576535,275.1,7.8,8.84,0.67,636.7,462.9,1067.4,623.8,204.9,928.0
32.48514474792108,35.43541571416538,200.9,1.5,7.19,0.81,530.1,613.5,1265.8,576.3,264.5,1306.1
32.50902518521269,35.41633432917577,495.7,18.9,7.47,0.4,261.0,399.8,202.6,1303.2,734.1,945.2
32.498389703247376,35.43496200811151,284.6,18.9,9.6,0.62,434.6,705.7,815.1,729.7,718.9,1476.8
32.51902730934508,35.37823969782496,256.7,8.6,8.02,0.24,569.7,1075.4,1020.8,859.1,931.6,1328.5
32.48767543028141,35.43579374434667,219.1,9.3,7.69,0.22,540.2,392.1,1173.8,127.0,971.8,1249.0
32.507393599177135,35.4197475660458,213.5,6.9,7.95,0.92,795.0,360.2,628.5,1388.1,154.6,1167.3
32.48824074632851,35.41755073464375,355.7,15.7,5.78,0.3,679.8,701.9,404.0,840.3,858.6,1012.3
32.49723546313065,35.40863641807541,335.8,1.1,8.74,0.12,418.0,372.2,1244.7,737.8,592.6,1307.8
32.52632648475784,35.36199004048811,353.9,16.9,6.91,0.23,389.4,103.6,1119.7,957.5,188.6,1064.3
32.49593310133853,35.43113645647474,496.8,14.2,7.9,0.84,497.6,1124.8,119.8,324.8,813.0,1128.5
32.53599091436659,35.38253524528351,460.7,14.6,9.29,0.99,159.3,467.5,1287.8,909.7,734.3,833.6
32.49071456563072,35.439890881139924,443.9,16.8,7.36,0.83,196.7,364.2,521.9,1329.9,52.7,873.5
32.529939503870835,35.38239857211558,208.2,7.2,6.55,0.61,654.8,366.4,993.5,1028.7,909.6,999.2
32.477145650312245,35.4167667474401,231.0,18.0,6.82,0.25,598.4,798.0,971.8,864.0,52.8,1215.5
32.5076555818881,35.42353738871002,319.5,17.0,8.93,0.81,583.4,375.6,1113.8,640.0,823.2,1088.1
32.50524440496348,35.43129316215911,332.4,7.8,5.9,0.59,111.7,562.2,218.3,1377.0,541.3,1231.8
32.51483074309915,35.41330911855292,278.9,5.5,9.55,0.37,435.7,418.0,1339.1,512.6,857.0,1291.7
32.47924411423027,35.43152193225965,392.0,1.3,7.73,0.19,541.0,765.5,1361.4,930.6,401.5,1392.3
32.52273461626541,35.37108672875067,401.9,8.0,6.96,0.69,339.6,780.1,1047.4,1489.0,211.7,901.6
32.51907311664303,35.34631030113519,269.0,3.1,5.58,0.17,380.3,638.5,545.9,344.1,782.5,912.0
32.508694253177545,35.405205089271334,234.8,11.9,4.68,0.87,113.1,212.1,596.4,1266.7,946.2,1044.6
32.51838549215288,35.40680806092739,220.7,5.1,7.48,0.45,302.2,1114.4,971.7,249.3,738.2,928.5
32.50964540147977,35.42060431168955,382.9,9.3,4.59,0.14,324.9,536.1,506.3,526.7,547.6,1492.6
32.496990942325155,35.42396602163004,424.8,11.8,7.72,0.27,124.8,409.4,1389.0,1292.0,317.7,946.9
32.53861912637217,35.37410844998338,254.9,7.7,5.65,0.41,207.9,419.8,391.3,388.3,896.3,1188.4
32.510430791171224,35.404149344206736,303.3,3.9,5.08,0.57,386.4,496.0,1359.2,544.4,335.7,1273.6
32.52849623380245,35.39368594440526,480.6,9.3,8.69,0.45,310.1,693.6,752.0,1235.4,752.8,894.4
32.47887700485069,35.43129855757715,264.4,9.9,5.44,0.38,433.0,978.4,510.7,433.2,148.3,1464.6
32.50630126201193,35.38910369701763,386.4,7.7,6.4,0.37,573.7,263.1,599.8,1442.9,164.0,1147.1
32.52019512599339,35.38227472563627,341.9,11.1,9.11,0.64,740.8,661.8,922.6,916.4,708.1,926.4
32.51866468510633,35.39132655788835,288.1,5.2,6.04,0.81,335.0,239.5,1124.1,380.7,954.9,1049.2
32.536406075850486,35.36009068119483,366.2,0.3,7.12,0.6,227.7,850.9,1247.8,495.3,696.4,1287.7
32.52210330229814,35.395108080735646,304.0,6.7,5.57,0.64,364.3,501.8,125.1,117.6,64.4,1035.0
32.48776703736223,35.43728955551313,485.1,6.1,7.47,0.64,419.3,253.3,185.0,504.8,519.3,1259.7
32.52022408429307,35.346215852245194,429.6,5.0,8.15,0.12,732.3,803.3,717.5,634.7,156.1,1331.6
32.52489492786071,35.400938512946425,351.7,11.5,10.0,0.51,275.0,255.2,1269.3,811.3,441.6,1205.7
32.51259245064843,35.42452205392755,484.2,3.2,7.17,0.52,176.6,1191.4,367.8,1049.6,699.5,974.0
32.50774256219475,35.42686887027266,227.0,3.1,4.0,0.39,289.4,753.6,1411.5,930.4,260.4,1312.5
32.522754066376,35.35146037980226,271.9,2.3,4.0,0.59,578.5,604.3,1200.3,1092.2,820.5,1366.4
32.51244220365666,35.384958544378385,406.0,5.4,5.69,0.86,611.7,364.7,662.0,544.2,699.8,1384.6
32.512426450020996,35.377322458241245,402.7,3.2,4.0,0.79,703.9,1191.7,1358.3,1238.3,966.1,1471.1
32.52047290687612,35.40831213222447,216.5,13.3,7.1,0.12,184.7,799.0,377.6,1080.9,976.4,823.5
32.48676482224355,35.42561455986288,472.8,5.8,5.9,0.81,716.1,178.5,933.3,1255.5,635.3,884.7
32.49834510762349,35.435407504278324,498.6,0.7,7.99,0.13,649.8,221.5,1476.1,170.9,799.3,1220.6
32.518215768370055,35.377108144972475,410.0,0.3,9.94,0.78,372.5,1140.6,1390.7,697.0,944.1,1046.0
32.472222476519434,35.417671966078835,425.4,5.8,7.6,0.63,614.9,1076.9,104.9,881.3,821.8,1481.2
32.5015814693852,35.429885367775746,448.3,6.3,5.89,0.55,725.1,524.4,502.5,675.0,969.3,1133.1
32.522048937133405,35.387064355403076,302.5,16.5,6.26,0.96,507.6,831.6,850.8,289.5,175.9,966.3
32.51876249995,35.34912919552477,265.6,11.3,5.77,0.53,601.0,880.2,255.2,1240.8,167.9,1049.9
32.52796742108078,35.357888573861324,473.3,2.9,6.06,0.39,751.2,328.5,205.0,440.2,338.9,1402.4
32.487228146663384,35.42521338950806,330.7,18.9,5.86,0.96,746.1,768.1,913.3,886.6,918.1,1198.1
32.515908675442304,35.41370939719212,254.6,0.0,8.88,0.76,719.5,819.5,1020.2,635.2,551.0,1099.7
32.480757520095885,35.425978560837336,388.6,12.9,7.7,0.58,240.2,353.6,965.9,1252.5,561.6,1279.0
32.496561789526844,35.43333874575912,490.5,5.5,8.16,0.27,343.4,427.4,1352.4,247.5,209.9,1064.2
32.519985679039934,35.37558282887803,374.5,17.6,8.12,0.27,774.7,301.8,299.2,306.3,514.7,1280.2
32.510160844999035,35.39860720698387,449.0,1.5,6.61,0.18,245.6,864.4,1159.9,1188.9,903.7,1259.1
32.52094514247957,35.387869883708255,450.2,0.7,7.15,0.9,131.9,619.1,1214.3,571.6,184.8,1495.3
32.52282004143544,35.372674447788945,348.1,1.3,7.3,0.11,173.4,778.7,1285.4,992.3,813.6,1217.9
32.496041986157294,35.425155048976535,408.5,16.5,8.18,0.14,782.5,352.6,863.4,908.9,882.7,959.0
32.52819216333806,35.37367944505175,323.7,1.5,4.96,0.53,166.9,308.5,1140.2,375.2,973.1,1355.2
32.482268514859875,35.437594050288986,377.9,15.7,8.04,0.41,487.2,809.0,875.1,375.0,379.5,1218.8
32.48848010785322,35.429594893015356,247.3,1.2,6.62,0.15,742.2,1132.3,609.2,730.5,630.8,1333.7
32.508521361608004,35.39093626334621,441.1,9.3,7.06,0.56,797.9,517.9,1243.9,1407.8,826.0,1278.6
32.53175584925254,35.35909367863681,253.5,18.4,7.8,0.26,360.5,881.3,326.0,1265.4,540.4,1166.3
32.47347922806665,35.432940352647364,227.1,6.7,7.35,0.78,216.9,813.7,1371.7,843.3,718.2,1054.4
32.51309154371777,35.43044231924548,369.7,17.4,9.32,0.25,494.9,173.6,177.0,886.5,453.3,1354.3
32.5065804886992,35.406350982950045,312.9,14.8,5.8,0.41,372.2,191.7,1370.1,650.4,475.2,890.9
32.52466578483066,35.364217213491195,262.9,3.7,7.54,0.96,94.2,1188.2,608.0,485.2,886.2,1468.6
32.48864961279208,35.43237887615396,323.7,13.7,7.79,0.87,658.5,215.1,1283.7,626.0,236.2,1166.8
32.51392063857277,35.395353215088456,291.2,3.9,7.31,0.92,290.9,365.5,1212.6,617.2,635.8,990.2
32.51498487126262,35.41528328684784,243.9,0.3,7.07,0.18,704.7,114.2,1182.6,1170.6,260.8,865.6
32.48402838061473,35.40911631088711,250.9,4.6,7.9,0.94,125.2,717.4,271.7,1124.1,964.2,1010.2
32.53657116668125,35.3740951881325,414.4,6.5,7.06,0.24,211.6,437.1,1278.2,864.4,117.7,1066.9
32.50819612552042,35.40821140682691,499.6,0.8,6.98,0.12,120.3,1040.1,766.4,1187.5,969.7,1382.0
32.49596158164846,35.4283204630989,336.8,0.0,8.16,0.17,755.0,378.7,379.5,577.0,262.1,1326.1
32.490744073405985,35.41614265796846,491.9,13.0,7.82,0.99,251.9,1172.4,732.0,1388.3,222.9,1254.9
32.51026732577701,35.41491737078549,372.2,16.7,6.38,0.92,768.1,1139.1,441.3,1488.8,160.5,950.4
32.485301855443566,35.43365807012399,250.8,19.2,10.74,0.91,281.1,1139.0,1447.0,352.3,244.0,943.5
32.51441641738288,35.424172075112125,342.2,7.6,8.04,0.42,481.0,1045.9,357.8,138.5,276.2,964.5
32.507726357756354,35.39366066772234,485.9,16.2,7.34,0.45,108.8,508.8,749.5,1494.7,825.9,911.3
32.528134183915604,35.38329839323991,247.4,16.5,5.56,0.44,70.2,768.0,156.2,419.2,508.2,901.7
32.50140802490991,35.41368511910315,203.3,18.5,7.37,0.38,711.6,289.6,274.7,829.6,983.5,968.7
32.49738987739264,35.41907065403467,317.3,6.8,7.41,0.99,578.6,374.2,459.6,479.3,185.8,854.2
32.50401114625915,35.426615532069356,364.4,16.9,6.69,0.81,198.7,931.9,198.5,1354.8,93.8,1224.7
32.5266293729666,35.40055780343659,353.1,0.4,9.41,0.37,197.2,741.6,901.0,1290.0,973.9,1346.5
32.51119236187843,35.39533837672121,212.0,8.8,6.52,0.23,365.6,650.4,897.4,162.3,132.9,1199.3
32.49354532668125,35.41022369526471,266.7,10.7,9.33,0.29,95.0,938.7,600.0,1020.2,860.8,1367.6
32.50177945492912,35.41375600639388,457.3,6.5,6.88,0.17,756.3,342.4,189.0,640.5,379.5,988.0
32.480219649667795,35.42605023008485,347.5,12.9,9.56,0.78,624.5,952.3,757.7,1131.7,640.1,1018.5
32.512810370813355,35.404454004740856,466.8,15.8,8.16,0.16,313.4,622.0,989.1,867.0,340.7,1013.6
32.53865501013832,35.36980660845571,226.2,6.5,6.71,0.51,390.3,613.7,406.1,330.7,819.9,1304.1
32.49704003377957,35.40515615714947,308.7,18.0,9.16,0.61,738.9,1155.1,571.3,454.4,678.2,1220.5
32.50690536729427,35.43099425253172,344.9,8.9,6.72,0.73,53.8,406.4,1307.5,1107.0,601.1,1123.9
32.487543775304616,35.42651645736454,446.0,14.6,6.52,0.19,526.7,272.0,991.8,1130.7,82.2,1284.8
32.5273252631166,35.37596500766006,338.7,0.7,8.84,0.9,443.6,591.6,552.6,1208.0,655.6,1454.0
32.51733236004045,35.397965269487166,316.4,5.5,8.58,0.42,559.8,726.7,701.4,362.2,365.9,1286.5
32.52437547122595,35.36948144953679,409.7,18.6,7.74,0.83,540.1,670.5,178.1,778.4,495.1,1000.4
32.51869778975322,35.41293501018525,422.1,9.0,6.55,0.65,388.8,609.1,1122.3,476.8,662.5,1492.8
32.51290248592139,35.4051702393519,276.0,11.0,7.95,0.68,223.1,437.7,1396.2,960.4,633.4,1199.1
32.52003654586338,35.35615636771893,380.1,19.4,8.14,0.83,117.4,1188.1,958.4,1468.7,972.8,978.7
32.52565616735327,35.39006107193498,268.4,15.4,6.64,0.46,672.3,954.4,1453.9,456.0,367.9,1232.6
32.5200516091027,35.39421935565886,392.3,16.6,6.85,0.84,134.7,813.3,297.7,1364.0,561.6,883.2
32.51345455970181,35.39492812785528,265.8,17.6,8.45,0.17,171.2,367.3,1369.7,483.6,592.8,1421.1
32.52346284215847,35.40813847125513,377.1,16.9,8.44,0.76,479.1,794.6,559.7,1483.6,74.6,1202.4
32.51279521064146,35.42410045059157,206.3,2.2,5.33,0.71,392.7,299.5,950.9,840.2,867.2,1194.2
32.49692950283766,35.40857883717186,352.8,17.8,5.84,0.66,114.1,267.1,222.7,437.2,126.2,916.3
32.48731943339949,35.409165140414,449.8,16.5,8.57,0.91,258.5,1022.3,1475.3,591.1,290.5,953.7
32.4896621358134,35.43575995185618,321.3,19.0,9.64,0.98,193.2,430.3,1386.8,447.2,105.1,1105.9
32.531688068490375,35.36522213530002,492.2,16.2,7.52,0.37,753.6,941.2,668.4,604.0,429.1,1474.2
32.496871077846635,35.40800273255505,219.0,18.0,5.54,0.92,653.5,278.5,128.1,863.9,866.2,999.9
32.50467061202191,35.40675716713838,275.2,10.8,5.24,0.91,302.4,566.3,533.1,199.7,636.0,1068.7
32.51172579191357,35.422657725608964,203.3,5.5,8.08,0.73,774.5,108.7,1334.3,1376.3,853.6,829.6
32.51765506158605,35.40152876426451,438.7,13.7,6.3,0.49,743.5,205.0,1205.0,1465.1,483.0,976.6
32.54310496720382,35.367934541357045,499.6,19.0,8.86,0.27,508.5,160.7,566.3,531.0,413.3,1238.7
32.52354545783757,35.36763752692208,203.6,4.1,9.56,0.2,341.6,1009.0,326.6,585.8,825.6,819.2
32.50189696304544,35.43552542748225,457.0,16.9,7.43,0.94,524.7,811.7,861.3,466.1,64.5,1271.6
32.52077136299132,35.35016861754917,479.6,14.8,8.76,0.92,785.2,440.2,1301.8,805.0,975.5,1029.3
32.50802637336318,35.38684956348796,499.7,4.0,10.41,0.55,796.1,1191.0,1340.8,1338.0,649.7,1012.8
32.49712368908319,35.41915120446658,321.4,3.6,9.08,0.29,648.4,1109.8,1038.7,1438.4,879.7,1209.6
32.51454404296315,35.41487811421546,421.0,4.1,7.72,0.59,252.9,704.7,1276.7,367.9,317.7,969.9
32.5054464269582,35.394659863730766,293.1,11.1,9.99,0.85,430.1,704.4,986.3,579.0,122.3,821.2
32.52546700739152,35.3830871991802,414.1,14.3,7.34,0.43,660.3,806.2,980.4,892.9,695.1,1197.7
32.50834390676496,35.43148323132785,275.1,17.9,8.13,0.76,213.9,1081.3,191.0,1325.2,785.9,1123.2
32.50738692033249,35.39025449645378,242.7,2.7,8.06,0.94,623.5,1064.5,1048.2,585.6,579.2,1206.9
32.47279764002867,35.42277329540109,381.9,8.2,10.78,0.72,475.3,1008.6,157.8,1145.0,704.2,1255.4
32.48449382229574,35.42780695063073,394.0,2.6,8.43,0.41,660.5,803.2,1358.1,205.9,726.9,1030.1
32.529082773692615,35.3646108355937,372.5,15.7,6.71,0.85,408.6,635.1,267.6,935.6,236.3,1356.7
32.522780341477954,35.39689023258212,361.0,16.3,6.31,0.12,142.5,1134.2,512.7,1244.8,216.7,1447.5
32.54387853916985,35.36581789132498,479.8,3.8,7.13,0.74,95.7,614.7,228.2,1195.6,998.6,1500.0
32.50421294131157,35.40049573790184,238.2,2.3,7.62,0.15,748.4,722.9,284.6,686.6,579.0,1038.6
32.52389267768452,35.391412574707324,210.4,0.3,8.21,0.78,346.3,906.0,1411.1,186.4,388.5,1126.9
32.50914109943078,35.40789020127201,330.4,18.3,7.44,0.89,692.5,405.1,1232.2,663.4,172.5,1212.3
32.51746805614003,35.38098982689892,464.1,0.6,6.44,0.23,149.3,208.7,704.5,468.5,376.3,1347.3
32.52588024298305,35.375858774125895,359.8,1.2,7.87,0.67,613.2,457.5,160.2,792.7,183.3,1233.5
32.50928430530973,35.40106588900394,351.9,2.7,5.83,0.8,420.3,1127.3,1078.6,1345.8,251.2,1366.1
32.517245146727554,35.40322799091403,331.1,0.2,8.3,0.59,405.8,759.6,918.8,709.5,601.3,1326.9
32.52851927157444,35.36089266781324,498.9,0.4,6.73,0.48,512.7,535.7,1456.6,808.0,280.8,1000.7
32.52054413060359,35.3788207384344,279.7,16.3,7.46,0.73,674.6,925.6,414.3,502.1,878.7,1168.3
32.505197999727585,35.41151166371725,213.6,8.4,6.85,0.92,675.1,662.9,1167.3,185.9,897.4,1403.1
32.52766947100503,35.39364175209498,248.6,12.8,8.68,0.39,646.0,698.9,876.8,383.5,173.4,1363.8
32.485542951187675,35.417274291781965,320.9,2.1,7.96,0.98,193.6,1197.5,1416.8,1196.1,869.9,1368.4
32.48525335135017,35.414214045912935,310.2,1.0,8.49,0.56,731.1,1062.1,486.0,1222.5,362.9,1498.7
32.5263122114138,35.352820413151164,264.4,10.8,6.18,0.74,667.3,848.8,286.0,635.4,258.7,1299.1
32.52165073120535,35.40076161601667,389.0,9.2,7.91,0.62,671.3,407.6,1166.0,205.0,466.1,1144.5
32.501783465614565,35.41289186539413,417.7,7.4,8.41,0.47,423.3,861.7,569.8,1305.7,601.6,1348.7
32.527033180966555,35.393330346863145,241.8,17.8,7.68,0.54,663.2,1112.7,850.4,946.0,894.0,932.4
32.535125539199065,35.37136168988909,459.5,7.1,7.41,0.89,554.9,621.0,506.0,619.2,328.1,1110.6
32.478135016160834,35.42428455800431,337.8,7.8,7.89,0.6,569.0,1068.4,1014.9,1123.8,579.1,1148.8
32.543170687981466,35.3724344631589,414.4,15.9,7.63,0.3,698.4,424.1,849.3,326.3,850.3,929.1
32.5251864300075,35.360563716530166,491.8,19.5,7.36,0.94,244.0,324.4,291.2,882.4,974.0,1342.7
32.511090582756125,35.42574804511231,393.2,9.4,8.86,0.87,460.9,944.0,446.7,1486.3,978.0,1410.0
32.494316149247695,35.41471500040893,493.3,20.0,7.97,0.98,775.1,791.3,409.4,756.8,301.0,1069.5
32.50771659590635,35.415828210668245,207.5,4.8,8.47,0.59,561.2,105.9,1259.3,1235.3,934.8,848.3
32.509928966070724,35.42444321323845,272.1,3.1,7.59,0.52,310.3,550.4,135.1,880.9,247.6,1368.8
32.523469067633876,35.366151812839746,420.2,4.8,6.35,0.84,715.2,1096.8,199.6,1003.9,410.0,967.0
32.507143421923466,35.409609497596016,337.2,4.8,8.32,0.26,172.1,1110.4,1414.3,1250.2,582.8,1485.5
32.50666426068354,35.43038379178683,461.1,14.6,7.17,0.29,506.4,685.0,734.2,1498.7,788.8,938.2
32.510434961084755,35.430547095369654,290.6,9.9,6.06,0.1,782.7,328.8,888.1,1396.1,394.5,859.0
32.47323857246295,35.426795710475126,331.5,1.0,7.53,0.67,622.1,270.1,565.4,941.3,210.1,1089.5
32.51338857180092,35.410334941637906,295.4,11.7,4.86,0.24,414.4,1120.4,327.9,1105.3,298.6,958.8
32.52195442736005,35.3681209722767,396.8,2.2,11.68,0.7,226.1,701.9,340.1,1321.1,735.5,860.9
32.47715930175035,35.4114781509575,318.7,18.2,8.3,0.73,620.0,188.4,247.8,1447.4,721.4,898.7
32.49021772006769,35.41122991134597,271.2,18.9,8.4,0.15,320.3,835.2,1165.6,755.6,246.8,1478.2
32.51613746922846,35.42046586201673,428.6,5.4,9.83,0.93,525.6,415.9,149.0,146.4,364.9,1167.6
32.52199874175728,35.34903727964943,368.6,2.9,6.98,0.13,584.7,432.9,930.0,277.5,694.7,1326.4
32.522248569715636,35.38166174172454,320.3,17.4,7.71,0.9,109.7,891.4,423.1,293.6,283.4,1004.9
32.52551476882233,35.360049268738415,353.1,6.1,6.74,0.78,703.0,103.2,482.3,493.3,876.6,859.6
32.52713631024364,35.367135730123465,233.8,7.8,6.93,0.22,300.2,166.8,1215.6,275.2,945.5,1381.3
32.51331200201715,35.37644421533682,418.8,7.4,8.94,0.35,594.0,415.3,730.7,614.4,603.8,1073.8
32.496205376153654,35.41507758972208,266.9,4.0,10.58,0.21,574.6,461.5,302.0,104.2,411.0,1092.7
32.50596482476171,35.38994328579516,499.5,5.2,8.09,0.63,367.4,1133.5,1279.8,239.9,951.4,1048.8
32.494148964326975,35.431146511789024,431.9,13.8,7.49,0.69,405.6,343.9,699.3,413.0,155.0,1274.9
32.49863764908574,35.420664031374635,400.2,5.5,7.75,0.81,413.5,584.6,1467.5,1407.9,426.1,977.8
32.49002195020389,35.423993164910364,209.6,0.1,8.3,0.91,166.5,415.7,723.2,148.1,166.1,1361.8
32.481472052382045,35.43091660396576,201.5,18.4,6.49,0.37,359.0,930.1,667.8,350.0,929.7,1027.0
32.48853086158403,35.42334927110695,340.7,2.9,6.83,0.79,368.0,912.6,1348.1,400.5,296.5,1351.4
32.52749504057188,35.38364457294468,216.8,10.2,10.53,0.28,261.7,1096.0,1011.9,1125.8,707.2,1221.4
32.4762557607795,35.43052131920675,332.6,4.6,9.16,0.57,137.5,859.7,668.9,107.0,183.3,1265.6
32.517522624970894,35.37154814943728,378.5,6.3,4.0,0.7,569.2,664.5,679.4,948.3,551.1,1097.2
32.485252670252905,35.43042762940786,418.3,15.7,6.72,0.77,687.8,378.7,1415.6,1198.1,850.2,1349.2
32.52004255131649,35.37512274862642,398.7,19.8,6.36,0.1,673.7,807.9,816.3,880.3,187.3,1276.5
32.48271749798691,35.414601256164474,228.6,3.2,7.08,0.58,649.4,492.4,1268.7,747.9,852.3,1269.8
32.51327774616115,35.383240000576194,319.0,14.9,9.17,0.17,197.5,939.9,483.4,628.4,747.8,1262.8
32.52247055005631,35.36672606260637,262.6,16.7,6.12,0.51,414.7,478.8,694.5,173.7,140.2,1469.9
32.54397639926167,35.36975785123082,363.5,7.1,8.83,0.85,722.0,758.9,1374.5,374.7,941.0,858.0
32.52688107546053,35.361733298318526,368.3,7.8,7.54,0.4,137.9,611.6,737.3,1094.5,474.0,869.1
32.50712488089679,35.41829671559237,301.0,2.1,8.73,0.64,214.9,680.8,746.5,405.1,930.0,924.7
32.51399190244635,35.375507099370225,403.6,6.4,6.14,0.5,654.4,430.0,1459.2,165.4,429.4,1101.0
32.52038306591214,35.350889756518924,476.4,5.8,8.92,0.54,318.4,133.6,1092.4,465.4,381.3,821.7
32.49241679888797,35.437152030160426,290.2,6.2,12.0,0.31,362.6,278.4,1389.6,566.2,422.7,1489.8
32.509249370183014,35.385515155137966,439.4,15.5,8.25,0.39,693.7,170.4,1012.6,208.4,707.5,1304.1
32.51587848977824,35.369902295041975,318.7,14.2,4.76,0.53,103.8,1117.7,1400.3,1378.7,694.3,1402.2
32.53168301670975,35.38226298236738,253.6,11.6,10.82,0.33,724.5,1113.5,484.0,853.9,70.8,964.6
32.522301406070625,35.36326792839705,208.8,17.7,7.58,0.15,107.0,933.7,930.7,850.4,470.8,1324.1
32.511876347609,35.40072409692382,376.0,7.4,6.19,0.6,782.8,948.8,466.8,1139.1,489.2,808.5
32.52440131000872,35.3572784065288,287.3,7.3,9.4,0.58,560.4,244.3,923.6,591.3,901.3,992.3
32.535798248186715,35.367079761914404,244.2,11.4,7.35,0.38,657.4,725.4,1054.4,1144.7,881.3,1455.6
32.49144122299506,35.40847298627488,469.3,18.6,9.09,0.34,202.0,994.9,1095.9,724.5,784.9,1393.9
32.52312668072041,35.351265697623944,460.5,11.1,8.48,0.97,497.0,1174.2,251.8,1273.5,903.6,807.5
32.49331610288224,35.419963666083284,439.5,9.3,8.72,0.24,770.6,162.6,1097.6,563.2,572.6,1060.0
32.51690718283666,35.41400138460497,334.4,5.5,6.39,0.55,598.8,136.8,1098.4,415.4,297.2,1476.8
32.52193434709822,35.379814622234484,435.8,7.6,7.51,0.6,577.2,741.0,778.9,410.0,773.8,1041.1
32.50451248684517,35.41163027283185,454.5,12.9,6.71,0.4,746.7,102.3,468.9,976.8,987.1,1239.6
32.519661450554054,35.40631552812501,404.5,5.1,6.3,0.18,728.2,1054.0,454.2,1414.0,817.4,1010.5
32.49425037956387,35.420718203602235,311.0,14.5,7.35,0.87,589.5,1174.3,347.0,734.7,492.0,1292.2
32.53964835254753,35.37800368227106,372.5,17.7,9.42,0.61,95.7,339.1,960.3,501.2,911.8,1009.5
32.53332575067014,35.37611228405119,205.0,17.6,6.47,0.41,689.4,695.2,1168.5,651.1,975.6,1061.1
32.50156674730241,35.43694439368545,341.5,15.8,9.31,0.91,460.1,769.1,785.5,1393.8,593.8,1058.6
32.502033422288484,35.40930412710852,399.0,14.1,5.13,0.85,167.3,278.8,1453.8,1325.2,190.0,1191.5
32.52280286115491,35.381931671629054,475.8,3.1,7.11,0.8,173.9,887.6,673.2,841.3,907.0,902.4
32.50841233783408,35.39085560181213,319.1,4.5,6.86,0.13,603.2,557.0,1229.6,1008.2,540.0,1377.9
32.52661716138434,35.39052919405693,447.1,14.1,5.35,0.97,753.3,1109.9,1354.6,770.2,643.9,1484.3
32.47210495029233,35.418641140391884,424.4,11.4,5.39,0.61,690.7,232.6,1266.8,295.6,610.8,1096.1
32.498304133426856,35.42107200129025,458.5,10.7,7.05,0.43,239.2,680.2,1374.3,674.4,81.4,1038.2
32.489806666727375,35.427746303393924,223.0,0.9,9.04,0.26,127.2,425.0,964.9,561.7,120.3,810.7
32.493804679056296,35.42706501492262,201.3,15.7,7.25,0.7,697.9,994.5,777.9,810.1,947.6,1166.4
32.53989808310283,35.36958219095124,482.3,1.5,9.21,0.99,494.6,485.3,626.8,526.1,190.0,1156.9
32.51013036948965,35.39508523518554,477.2,12.9,8.37,0.72,593.5,327.2,322.8,1301.9,690.8,1064.9
32.522207464117706,35.40733039718473,263.3,0.6,9.67,0.64,786.1,474.7,359.5,1442.5,944.4,891.7
32.48064600921362,35.42400283244198,457.0,13.7,5.93,0.71,481.9,460.3,1363.1,698.0,573.6,1208.0
32.48011131140133,35.421146884152215,487.2,14.3,5.93,0.88,443.3,529.0,850.5,800.2,310.9,1202.1
32.51467430318122,35.4065275259854,216.7,6.7,9.27,0.24,430.2,469.9,1166.2,821.7,248.6,1321.8
32.54006767411313,35.36752174734587,461.3,17.1,7.3,0.13,165.9,414.8,608.2,412.0,345.8,1156.2
32.47861599424104,35.411588784885836,310.7,15.0,7.52,0.49,402.3,982.9,686.3,330.0,741.5,1325.2
32.50295971021076,35.425994832636825,331.9,2.0,5.53,0.11,386.9,978.9,1206.8,1027.8,254.7,886.6
32.47299481449788,35.42097197559143,397.4,1.1,4.91,0.24,495.0,1172.9,284.9,789.7,489.6,1221.7
32.52232491241808,35.38317336427927,237.0,19.1,4.79,0.2,177.1,1002.9,1352.1,1362.3,926.4,849.7
32.5249001482044,35.40846214412883,264.0,2.9,7.75,0.29,249.5,1175.4,1372.2,908.4,977.5,1106.8
32.48221976622957,35.40731178198926,222.2,15.0,5.99,0.81,720.4,776.7,108.0,1268.1,934.7,1203.6
32.51579350917328,35.40781441298506,473.2,5.8,7.95,0.19,304.1,1029.5,640.9,557.7,396.2,1178.6
32.52114015775703,35.40374079338487,313.3,19.5,8.43,0.39,552.9,101.9,986.2,1049.1,325.3,1022.5
32.517599991507154,35.37299687568721,487.9,17.3,9.18,0.37,597.8,398.9,1300.6,639.0,814.0,1224.7
32.5339529364621,35.36717699693918,471.3,3.7,9.19,0.36,211.1,1167.3,571.9,913.2,874.2,1024.1
32.504465028056714,35.396737922042114,362.7,3.1,4.96,0.13,330.4,299.2,1125.9,294.6,118.3,1031.2
32.52110866170715,35.36420693597076,211.9,15.0,10.73,0.19,714.9,189.1,1123.2,1246.8,222.5,852.3
32.505994769273705,35.412296074664525,410.0,2.2,7.85,0.92,738.6,1136.2,731.3,747.3,443.8,1439.3
32.517974730263155,35.40313690005782,465.4,11.8,6.91,0.76,231.2,433.9,995.0,1460.2,849.3,1493.0
32.4920529404058,35.43214390332304,335.8,17.5,7.21,0.88,765.2,289.2,107.7,522.5,512.7,1077.8
32.49714645462967,35.42468005757186,368.2,13.2,8.23,0.99,338.9,286.6,637.2,1028.1,475.6,1238.3
32.524094653751916,35.36748601104064,433.4,19.4,9.08,0.64,767.1,466.1,164.2,1203.3,164.6,1143.2
32.5306921951457,35.366847760478244,356.5,13.8,9.47,0.32,207.0,802.8,104.7,493.9,616.1,891.8
32.48474472208474,35.42111058830865,413.3,6.1,4.01,0.74,770.0,806.7,1213.6,372.8,98.1,1321.1
32.47742294479222,35.43792191158934,397.4,7.7,6.73,0.53,631.1,196.2,241.6,1080.5,197.3,1357.8
32.51333834510311,35.41411840360404,215.3,10.0,8.56,0.99,77.5,1108.1,707.2,1340.4,725.9,1297.2
32.50781166802898,35.41523460161843,283.2,17.2,6.18,0.86,416.6,1008.1,646.1,1444.6,683.1,1267.4
32.49240373502526,35.43007523390383,419.7,4.2,9.49,0.12,423.4,414.0,123.4,895.7,519.9,1156.3
32.509809142025944,35.404373105175445,499.6,15.1,7.79,0.9,622.5,1112.6,156.6,1054.8,898.3,807.1
32.52095578232727,35.386502033378584,472.5,9.1,8.77,0.21,669.0,1014.6,408.6,1225.3,666.4,956.1
32.501692577008754,35.404734730291516,284.7,18.5,6.02,0.77,739.7,886.3,1096.6,1232.9,587.9,1419.6
32.51565621990326,35.42368096138371,242.8,19.9,9.14,0.73,248.6,539.5,666.8,887.1,885.3,989.6
32.47824112478366,35.43126731156509,467.0,16.9,9.66,0.94,443.6,181.7,857.9,1460.0,700.2,1044.9
32.52111574992846,35.40297307353393,242.9,4.9,8.76,0.81,528.5,850.8,814.0,106.1,839.2,978.2
32.51638653466909,35.416124898507775,260.2,17.1,6.9,0.44,279.0,821.9,575.8,1312.0,187.8,901.8
32.51519062120091,35.42110758580922,245.6,5.4,8.17,0.85,659.3,889.6,706.4,294.1,301.8,919.3
32.51700809294651,35.37580061206194,410.8,11.5,6.0,0.78,702.0,992.2,1183.9,363.7,55.4,1262.2
32.54284719663591,35.370026837472295,330.5,2.9,4.87,0.14,223.4,830.2,759.0,757.6,214.0,1179.5
32.51801110525049,35.36467178875748,240.7,9.7,7.69,0.39,197.6,1140.5,726.3,885.6,254.1,805.1
32.530039455996544,35.37965733131429,317.1,8.9,8.9,0.99,781.4,160.0,335.0,835.9,382.9,1212.5
32.48862373744051,35.421191884173396,304.6,4.7,7.07,0.63,309.2,1185.9,1227.6,787.1,644.2,1446.2
32.52321123010126,35.36053361680798,378.2,9.8,5.17,0.66,243.1,356.5,633.8,754.4,429.6,1379.9
32.51551765891936,35.4177250730945,254.9,1.5,4.0,0.16,629.7,937.2,968.4,1346.1,555.6,1229.3
32.49569007388122,35.42341257366362,372.7,13.9,9.08,0.84,587.9,432.9,695.8,1080.7,821.0,1144.5
32.49920816533055,35.405557622083016,204.3,13.5,6.96,0.62,470.0,979.2,1390.2,1216.4,622.0,1182.7
32.514987123117706,35.40823926205657,418.0,6.0,7.74,0.59,64.5,1031.0,1437.5,1090.1,930.5,1449.0
32.483825697370136,35.433150829691215,238.6,10.2,7.26,0.73,644.0,280.0,507.7,1033.3,553.7,975.9
32.525353471297684,35.40176642508742,228.9,8.9,7.3,0.77,615.1,746.0,662.0,995.9,700.5,995.2
32.522201184926026,35.38530050696374,358.7,14.2,5.59,0.73,579.2,119.3,1067.0,1307.0,740.9,1216.9
32.50738198398138,35.41677851913733,486.5,7.7,9.19,0.88,586.2,891.6,985.9,941.9,613.4,1087.7
32.53701190205632,35.37481883511873,305.7,5.2,8.66,0.43,628.3,766.6,312.6,475.8,227.8,1443.1
32.51785124250539,35.36391492743579,486.7,12.6,8.26,0.14,576.0,326.4,1150.7,1390.4,623.5,1380.5
32.52572819282706,35.351100071906146,345.8,6.0,7.76,0.75,733.7,174.2,1356.3,875.2,246.7,1298.4
32.487127956010916,35.4067571663272,349.1,4.1,8.62,0.93,556.1,610.1,517.7,1321.7,371.1,1380.2
32.49637853596867,35.428282676177794,446.3,11.7,5.32,0.69,550.6,312.5,209.8,996.6,911.7,1109.8
32.52367782151842,35.390348364141296,419.2,1.1,9.77,0.41,785.2,259.3,914.1,320.7,108.6,1001.2
32.47457480427764,35.427099655928814,348.8,9.8,9.18,0.26,106.3,223.5,1202.2,354.9,901.1,1489.9
32.49013356248396,35.43182464355497,283.9,3.9,8.09,0.43,225.6,373.8,1317.4,842.1,308.4,1259.1
32.50572060010253,35.4273032580922,217.4,18.1,5.49,0.72,223.6,691.1,883.0,197.8,94.7,1389.6
32.479664947670045,35.43516168756,286.9,9.1,7.88,0.3,230.4,1067.0,672.3,893.3,736.0,955.2
32.50010125327954,35.425724132343035,224.4,13.0,7.82,0.18,105.8,435.4,1145.3,732.8,194.1,927.9
32.50895288085309,35.410404904762785,395.5,17.7,7.68,0.73,73.1,844.0,719.0,680.7,951.4,1224.2
32.51575702592399,35.379041149399704,354.1,12.7,4.42,0.45,777.0,294.2,1484.3,962.7,423.8,1156.6
32.50593677036981,35.42862578940531,266.8,13.1,7.07,0.86,763.6,649.2,343.6,265.1,937.7,1268.0
32.51366736777982,35.41074102092113,346.8,1.1,7.4,0.35,784.1,998.1,1403.7,1083.3,807.1,1488.9
32.485369536455984,35.43065790393015,396.5,2.8,5.96,0.29,365.1,982.7,1063.3,1381.0,741.8,945.3
32.51830249536609,35.36161939603515,225.7,15.2,7.79,0.48,339.0,844.4,374.4,645.6,539.4,921.1
32.515288653298704,35.40753718256815,287.4,8.9,7.47,0.58,61.4,760.1,271.7,171.6,486.7,1448.3
32.52418700191566,35.35777825138969,232.0,2.2,7.15,0.85,405.2,537.1,935.1,1457.1,299.8,913.0
32.52039270655037,35.337802597988784,297.4,16.0,7.85,0.23,568.2,107.5,910.0,136.8,631.1,881.0
32.47462962536448,35.42936427508996,240.8,9.3,10.91,0.91,180.3,614.2,403.2,1445.1,938.3,826.5
32.503986575233625,35.4239707567151,384.6,6.2,8.12,0.41,302.6,684.7,421.8,211.5,101.5,1087.7
32.53537306493877,35.36593978479201,377.7,12.2,5.01,0.23,625.5,1052.8,1402.6,428.3,283.7,1295.2
32.4943556118458,35.428843200800024,345.0,4.2,5.99,0.8,617.4,895.3,935.9,1273.6,135.8,1495.9
32.5223184775963,35.40496695813274,298.1,11.3,4.0,0.35,89.2,512.0,908.6,1152.5,793.8,1289.9
32.50656834391993,35.40402986292952,429.6,12.4,8.67,0.94,335.0,735.4,1462.2,838.7,117.2,1410.6
32.51905517618249,35.34180200545267,273.4,7.9,9.48,0.18,423.9,630.3,1409.5,354.5,564.9,888.7
32.49971865713996,35.43301141998867,485.6,7.4,8.02,0.7,643.8,1187.0,153.5,1481.1,619.1,1409.7
32.48139336030693,35.439884516355825,304.6,18.3,9.44,0.93,299.1,966.4,676.8,990.4,394.0,1056.5
32.527619440871135,35.38324250919783,288.2,12.7,10.1,0.51,216.1,555.8,559.6,1033.0,955.6,1259.8
32.51782815513564,35.418389835462136,256.1,17.5,10.21,0.71,236.7,525.9,1114.6,241.0,763.5,973.8
32.50353919304657,35.394617573656724,203.2,0.1,5.75,0.17,455.0,334.5,394.7,589.3,507.3,1081.8
32.49561851472504,35.43974281460474,236.4,18.2,7.8,1.0,636.8,197.1,626.0,466.4,577.8,1045.8
32.51053010169787,35.43088433189058,339.3,19.7,10.11,0.11,523.2,532.6,420.0,228.1,494.4,1406.1
32.52340810109442,35.36816320992597,398.3,10.0,6.4,0.31,435.8,896.7,625.6,980.3,866.0,1208.4
32.51439896919762,35.37723748390235,326.1,12.7,8.07,0.16,294.8,944.1,1213.5,1061.7,881.7,1342.2
32.51844613705967,35.41216171199761,202.1,1.0,9.91,0.87,177.6,150.1,1357.8,1421.7,282.0,968.0
32.49768008114798,35.42964752022054,215.2,19.6,7.88,0.28,507.0,1176.4,535.8,1258.7,131.1,1349.6
32.53774966081784,35.373963945786016,202.0,7.3,9.55,0.32,323.2,851.9,378.4,147.7,439.1,1436.7
32.49318820783861,35.408583786668146,266.2,15.1,8.68,0.4,387.8,643.3,864.5,1331.8,928.0,1450.4
32.514657570973604,35.39206976409815,421.1,13.5,5.2,0.6,720.5,184.3,1035.8,448.2,447.2,901.6
32.48279304209869,35.42983656292589,455.6,7.8,10.63,0.73,655.7,802.2,537.1,578.8,383.6,826.3
32.509932743723226,35.39910335829143,318.5,13.0,8.58,0.64,269.9,103.1,1327.3,745.9,559.2,1166.3
32.48810038834583,35.431334529470426,394.3,10.7,5.11,0.17,488.7,382.0,1023.3,648.9,687.4,1153.8
32.49500058328383,35.40931221646691,439.4,0.9,7.24,0.59,316.3,719.6,378.9,639.1,458.4,1187.0
32.525734683753505,35.362877729215484,496.9,1.9,6.35,0.21,674.7,294.0,392.7,1383.1,166.1,1108.7
32.500227970776926,35.42739901634836,411.3,8.1,5.71,0.47,647.7,525.4,748.1,957.7,231.9,1150.1
32.506553556174566,35.42206940200571,319.3,13.7,6.66,0.88,504.5,239.6,203.7,1329.4,346.7,1318.9
32.52614184075233,35.36219492808797,335.7,2.2,8.77,0.82,614.5,1033.4,158.4,500.1,664.7,1142.7
32.521196208822474,35.34507108473081,293.5,9.3,8.16,0.72,90.3,1187.6,448.5,666.2,661.3,1125.7
32.50647295763508,35.434505845290246,491.2,0.4,6.01,0.82,587.7,148.5,1203.2,604.1,926.0,939.7
32.51969760603703,35.34375461295243,338.7,19.5,7.04,0.17,320.7,1168.7,710.9,874.3,670.8,1462.6
32.498237747722435,35.40660014857351,317.8,16.3,8.17,0.58,139.8,733.0,1260.0,116.8,229.5,953.3
32.51750161605718,35.416274596959894,366.3,12.5,8.17,0.57,132.6,738.2,1075.3,925.9,93.2,910.5
32.523582808522136,35.35405857259223,239.9,19.7,5.98,0.77,237.2,250.3,370.6,1494.3,821.8,1350.7
32.50982998008876,35.38700385353835,309.7,11.2,9.24,0.39,107.2,1120.2,894.5,1463.7,684.1,858.2
32.478142221708644,35.41393736217187,486.6,2.8,6.3,0.33,384.7,1078.5,799.5,399.6,136.6,1430.4
32.47880270631481,35.438285281586786,203.9,2.4,4.04,0.57,471.3,1162.5,1085.4,1326.3,118.1,873.8
32.48418691481139,35.43199902492329,264.4,10.4,6.78,0.39,216.1,461.4,353.9,1146.5,270.4,1210.3
32.52230455805947,35.39145459511649,391.5,2.4,9.26,0.56,429.7,462.6,502.7,206.1,848.4,1383.3
32.4866729603701,35.412492008835734,376.1,19.9,7.53,0.87,483.9,635.5,432.3,935.6,584.8,1206.7
32.47589699351508,35.43200570113958,316.6,5.6,8.89,0.12,720.4,520.0,1396.1,1245.6,828.8,1323.3
32.51296611069337,35.3945442289362,480.3,4.8,9.48,0.47,266.7,305.4,1107.8,741.3,789.3,1366.0
32.51880970879903,35.41554453924177,293.4,16.8,8.86,0.37,779.9,188.0,951.9,662.8,526.2,1404.7
32.51784494539583,35.37992473738351,273.0,13.6,8.43,0.68,655.5,484.6,699.8,790.1,816.6,804.0
32.48583804431996,35.418881079656735,272.9,5.4,10.12,0.97,488.3,818.3,239.8,1073.0,522.0,1109.2
32.52480748410238,35.359269903885696,334.5,10.4,6.62,0.76,639.1,998.2,779.6,534.3,114.3,1383.2
32.52530441395429,35.35626845711973,203.6,13.8,6.91,0.26,309.8,121.0,543.5,401.2,671.5,1276.0
32.52242071594109,35.35861742843579,444.5,3.1,7.19,0.89,418.4,164.0,241.3,617.7,423.0,803.7
32.53353162378415,35.3689666349182,452.3,4.4,5.36,0.83,498.4,179.2,774.0,1393.0,371.3,1413.0
32.52054667137954,35.36931867252131,352.2,12.4,7.9,0.95,645.9,740.4,746.4,648.0,737.1,855.5
32.48568568590399,35.409596589031416,275.7,18.8,10.1,0.53,566.9,326.7,814.9,1440.5,521.9,1062.7
32.51359693165466,35.40862382525586,324.2,9.6,7.27,0.75,303.2,636.0,1428.6,229.9,129.4,1490.4
32.54345801051854,35.36974769586231,371.4,11.8,8.07,0.64,682.1,1140.1,273.6,849.4,782.5,1114.0
32.488258984426494,35.42014810071016,288.5,16.1,8.28,0.52,334.4,971.4,130.4,1354.8,811.5,1350.6
32.518605129152895,35.39002240817695,239.6,10.1,4.0,0.5,342.6,514.2,578.0,1419.3,445.6,1271.6
32.486469784788596,35.42227552247564,497.7,18.6,6.5,0.13,629.7,443.2,237.4,851.9,611.9,1268.8
32.50686129016795,35.43192815441686,275.7,14.2,10.57,0.5,255.0,234.9,1186.4,742.9,856.4,1307.2
32.51348179922561,35.40702094313497,236.1,11.8,7.34,0.12,81.0,501.3,414.2,1369.3,958.6,1185.2
32.52767963980264,35.38023371148733,271.1,12.7,6.38,0.89,153.9,1076.6,226.2,912.5,202.8,1123.5
32.49182727163911,35.419832184759315,358.8,18.0,8.69,0.21,536.8,1114.1,865.6,243.2,532.0,962.5
32.48101887065192,35.42915607297226,237.1,16.8,9.52,0.16,497.8,335.5,1119.6,1090.5,180.2,1116.1
32.50610575226615,35.386651404465184,305.7,16.8,7.05,0.95,72.4,1096.0,1044.7,1129.9,546.1,1210.9
32.53099335645918,35.36383938050251,462.3,19.8,6.47,0.98,109.2,993.0,134.1,827.5,226.5,1245.5
32.512552570510714,35.37929314375711,360.9,18.9,5.99,0.43,678.9,1150.4,343.0,1193.0,342.3,858.8
32.5047658475387,35.415820828552725,220.5,16.3,7.16,0.8,716.9,184.6,577.6,177.2,189.3,1065.3
32.524286998880896,35.358867070271636,419.6,6.8,8.88,0.8,79.2,547.0,1064.1,1373.0,663.9,1489.5
32.5389590062961,35.36366815768724,374.3,13.9,6.24,0.51,412.9,340.8,1404.5,405.3,596.2,1365.2
32.509054961941395,35.41071264407334,344.7,1.2,8.72,0.14,156.7,118.7,1019.6,716.0,484.6,991.2
32.47415925705854,35.43508350266269,333.6,2.6,9.44,0.8,480.3,338.2,916.8,613.8,274.8,1460.3
32.51302269913347,35.39471608292899,365.5,8.7,7.13,0.61,252.6,878.5,136.5,1392.9,218.5,1352.7
32.474836264671715,35.432774430383695,366.7,14.2,8.55,0.24,59.2,114.2,527.6,635.3,596.0,1225.6
32.51176913089089,35.403258725611856,265.4,5.2,7.86,0.9,585.3,1029.1,793.4,696.8,275.2,983.6
32.5241287589064,35.354837512797154,419.6,10.9,7.48,0.3,799.0,1016.6,885.1,647.0,771.3,1145.4
32.4997997384023,35.40783335560644,268.8,18.1,7.51,0.19,159.1,1117.2,700.4,361.5,452.9,948.9
32.50302806006371,35.43113130305545,401.7,12.1,5.21,0.78,718.7,780.4,1137.9,120.5,220.8,1344.1
32.48737627166358,35.41180251540847,321.4,18.5,11.15,0.98,575.4,547.2,1282.9,333.3,612.1,1425.4
32.50199358249264,35.410106699564125,257.8,6.2,9.38,0.3,378.8,883.1,711.9,470.4,188.0,1370.6
32.48123216452023,35.420970010105904,308.7,19.1,9.09,0.68,294.3,221.0,956.4,487.2,51.9,1147.8
32.51333113214416,35.37802819307452,275.4,12.3,8.73,0.22,435.6,869.8,905.2,1263.1,268.1,913.2
32.52965722772256,35.38582308955555,495.9,11.3,7.25,0.13,784.5,136.1,823.0,429.1,431.9,1458.8
32.48645451335501,35.41700115758138,418.9,12.9,6.8,0.16,488.5,445.5,1396.8,206.4,694.2,864.4
32.51415796201707,35.402790806499475,473.1,11.5,4.89,0.97,234.6,501.8,209.9,315.5,759.1,1439.9
32.52228038588087,35.33818970825539,242.2,12.9,6.95,0.43,129.4,1087.1,763.6,910.5,713.1,1013.3
32.513593279437124,35.39697451875734,214.0,4.3,8.08,0.82,583.8,511.8,771.1,814.7,924.9,1239.2
32.5071121477519,35.396619688597234,255.6,0.2,8.06,0.15,456.5,923.6,1205.2,1309.7,247.3,889.0
32.52456224241785,35.39509106028684,486.8,7.5,7.75,0.82,278.4,108.2,485.4,1131.5,580.9,1206.4
32.482975312825936,35.43696069899714,220.0,12.3,8.81,0.57,455.1,1108.3,1232.1,583.8,701.5,1366.8
32.520653271717315,35.349171052998486,200.9,15.2,6.34,0.26,746.1,831.0,223.4,537.3,705.7,960.7
32.5225754106509,35.41252275572226,389.0,14.4,8.19,0.9,695.4,971.0,1485.3,1336.4,637.5,826.1
32.5082807699392,35.431187291674526,336.4,3.0,7.62,0.27,125.0,1178.7,372.3,1321.1,230.9,1056.4
32.50309162122597,35.40957796130863,493.7,16.6,4.45,0.21,161.0,832.7,674.3,127.0,599.5,1011.3
32.48196539228629,35.44001789455209,214.6,0.9,7.41,0.35,63.8,765.5,900.5,663.4,250.5,1079.4
32.484501346969324,35.421069996456396,497.5,2.2,8.53,0.75,408.4,643.6,371.9,582.9,626.3,1071.8
32.51697353022925,35.368191795448695,388.2,18.8,4.5,0.39,141.4,770.1,716.5,370.9,224.1,918.6
32.539390175720804,35.37837952697911,222.5,20.0,10.5,0.89,313.1,750.1,151.4,1360.6,976.6,1271.5
32.47260164584057,35.41458897127827,303.8,12.3,10.64,0.78,139.8,556.9,614.6,374.6,586.9,861.8
32.474060473148846,35.42894519787761,309.7,19.0,7.91,0.9,637.6,442.2,1094.0,1269.3,249.4,809.6
32.47248189422656,35.42166889599099,280.7,7.0,7.35,0.92,683.4,778.1,986.9,1408.3,915.3,929.7
32.52740634375605,35.35350418511858,247.2,8.5,6.76,0.47,469.8,779.2,1004.2,1072.1,264.2,987.2
32.51633967000153,35.36890296162042,291.2,7.3,7.82,0.79,83.3,906.2,188.1,1426.3,241.7,1361.1
32.52806988383797,35.36420543605087,285.8,7.0,7.23,0.71,794.6,883.0,839.5,819.8,305.6,1488.8
32.513144592549864,35.423954888657555,499.7,8.2,7.73,0.24,482.2,409.4,414.0,689.5,472.1,818.3
32.47814980368129,35.41306043092333,392.0,17.7,8.06,0.44,619.7,116.6,644.2,1296.0,345.5,1191.8
32.49832821460948,35.41990148003066,482.7,19.6,6.86,0.74,216.6,571.0,599.4,1099.5,792.3,963.3
32.52719744899232,35.3702851275935,283.0,19.5,7.48,0.45,490.5,737.0,1242.6,332.5,126.6,1103.8
32.52501046153243,35.385415600405096,396.6,18.9,9.82,0.77,478.7,632.0,1096.3,517.6,83.4,826.2
32.472007309095254,35.42898357672281,315.8,0.1,7.2,0.28,120.6,1078.4,477.4,1163.2,688.1,1401.0
32.47866642353727,35.437119842902135,323.3,7.2,6.28,0.19,118.0,1168.3,1328.7,1387.2,643.2,1400.7
32.52041532650372,35.39573268460137,331.4,13.7,7.04,0.54,470.8,1044.3,834.5,703.8,486.2,913.5
32.52129039520134,35.35265916958137,485.0,3.4,7.49,0.9,495.7,1048.1,1437.8,1208.2,436.2,834.2
32.49048842216928,35.42384069388827,204.2,10.8,7.21,0.82,386.8,347.9,608.4,703.0,815.0,1016.8
32.50454082746636,35.40876390784985,402.7,12.2,7.59,0.98,325.5,1064.8,1222.7,781.0,640.0,1065.3
32.48858876274955,35.42340175171033,458.7,2.5,6.25,0.44,541.7,321.9,152.9,877.2,973.7,1045.0
32.47822710720702,35.42215010213685,238.5,17.7,8.7,0.27,234.9,1178.6,1471.2,306.0,313.5,1438.6
32.51233458419568,35.417968309480806,347.8,4.0,8.89,0.25,272.9,191.6,622.3,873.4,611.2,933.2
32.48211854304221,35.42320134519381,410.1,11.5,6.68,0.43,591.7,682.9,1315.6,534.0,133.8,1121.7
32.53533491788298,35.3727827315463,283.0,19.4,7.19,0.61,595.9,808.8,129.5,802.4,559.0,1189.7
32.48225434568581,35.41524949794098,473.1,15.9,9.09,0.56,231.5,145.5,1463.2,786.8,694.6,1280.3
32.47351555180551,35.42374465558149,474.6,14.7,5.2,0.61,686.4,627.1,148.4,851.4,435.5,1216.6
32.51231794078174,35.394989966224664,466.5,6.3,4.31,0.62,539.5,1014.6,1234.7,651.0,167.7,1387.2
32.51598329509498,35.39343489561881,357.8,5.1,8.15,0.49,217.4,394.6,1195.1,120.8,875.3,1144.2
32.508206731614386,35.39617082751658,336.8,6.1,9.69,0.77,142.7,363.8,676.2,1021.4,130.0,1416.0
32.529276255757914,35.365423072651566,436.9,11.9,6.97,0.57,98.2,210.9,1147.7,870.1,715.2,978.0
32.52041973356492,35.344937294278196,483.2,16.6,7.17,0.68,359.0,1028.8,449.4,731.7,636.3,1309.2
32.491512348264074,35.42233029242052,452.5,17.0,8.74,0.83,238.4,1064.4,1117.9,269.4,722.8,1203.3
32.500042818422266,35.40791060799356,396.1,0.0,8.65,0.59,135.1,464.9,136.2,760.4,96.5,1221.2
32.51906217947721,35.393041631212284,347.5,5.5,8.05,0.3,476.1,1118.0,884.2,972.2,593.5,1054.9
32.507923804403625,35.397384876533266,272.9,6.0,9.04,0.96,429.6,865.4,902.3,556.2,285.2,917.2
32.51979011570872,35.34386702119886,221.6,6.6,7.24,0.51,466.5,147.1,1483.4,795.0,733.4,1370.1
32.50683293726901,35.41004676041462,335.3,13.5,7.86,0.81,509.5,298.5,924.3,523.4,361.8,1022.2
32.51992380738039,35.38070531976615,202.8,8.4,6.17,0.25,95.9,183.7,611.9,569.4,200.6,1368.7
32.488892701177654,35.41064886616067,418.6,19.6,10.1,0.92,768.6,779.6,628.7,573.2,983.6,1307.9
32.49018261235089,35.43088117677725,471.1,19.9,7.0,0.28,461.3,1140.0,997.8,980.0,525.7,1255.6
32.53787887476888,35.3653841244954,336.2,4.4,8.78,0.53,664.8,836.8,953.3,1092.9,646.8,1368.1
32.502431518741446,35.412252735496935,398.6,3.1,7.04,0.24,757.3,1068.8,784.7,1019.4,380.5,1413.2
32.491045550515665,35.43222288910568,440.9,18.7,8.2,0.85,285.8,521.7,1247.5,948.7,430.8,825.8
32.47871531703952,35.42861544016899,453.2,14.3,7.58,0.35,267.2,249.4,249.9,799.5,90.9,1048.4
32.51255500119637,35.40550485614852,483.3,9.1,9.43,0.48,144.6,205.2,756.8,610.1,935.1,938.0
32.50210511314822,35.435075378503896,391.0,0.7,6.25,0.42,794.8,819.4,1236.1,1135.3,397.5,902.4
32.493161651039834,35.43466366328199,390.6,12.8,7.17,0.91,583.2,779.4,578.5,273.4,283.5,1224.3
32.49632660024025,35.41533489346227,478.3,12.6,7.09,0.72,308.1,810.3,1220.1,911.9,183.8,882.1
32.48391444350246,35.43478019552742,283.5,9.3,9.55,0.27,96.4,393.8,317.5,128.7,604.5,1358.2
32.519286071113655,35.34279244209566,359.2,8.9,8.1,0.94,381.0,983.7,431.5,325.6,606.3,914.2
32.49901911369339,35.40592066323306,409.9,11.9,8.87,0.49,699.3,409.0,212.9,1000.5,953.3,1047.8
32.48913172657303,35.4091811566498,474.1,0.5,5.37,0.72,753.7,151.6,280.2,962.8,523.1,966.7
32.520974905604206,35.38020239996832,467.4,7.2,7.97,0.5,484.0,736.4,1088.2,655.3,845.8,1456.0
32.48916790399645,35.42959200940442,336.2,9.2,8.45,0.15,311.3,470.6,594.1,694.9,765.5,1087.1
32.49811882578068,35.43783928767257,328.3,2.9,10.36,0.43,600.0,1175.2,658.6,197.0,64.6,965.0
32.47879094616391,35.423341941078,329.9,13.6,7.24,0.97,633.1,297.8,1156.7,604.7,481.3,904.9
32.48804065201613,35.41294996870529,298.0,16.3,7.84,0.68,536.1,498.0,389.8,492.4,150.4,1453.8
32.50387532472401,35.4230317381879,331.7,14.0,5.2,0.93,164.7,408.2,222.1,832.5,332.1,806.5
32.499996296094885,35.43149642315935,309.4,14.9,5.41,0.55,200.7,843.6,937.6,1176.0,121.6,1188.8
32.504574844628515,35.40224945396415,261.1,3.3,7.02,0.53,386.9,188.9,968.3,1492.1,177.1,1488.2
32.476003698049794,35.4312076674764,485.8,6.6,8.15,0.86,792.3,893.4,553.7,753.3,311.4,860.9
32.48458454745983,35.431880743346134,371.5,14.5,7.51,0.63,231.5,317.5,907.1,1053.2,890.9,938.3
32.48641934499249,35.412388701019125,235.2,2.3,5.97,0.1,142.2,638.9,598.4,961.4,642.4,1387.1
32.512027367292745,35.41100064928129,206.2,7.7,7.14,0.56,248.3,667.9,1329.7,398.5,265.0,1436.2
32.52473557116822,35.38532049460693,202.0,5.2,6.4,0.63,112.3,486.6,560.9,1189.1,207.3,1102.8
32.537186958689915,35.36288419561435,344.9,16.7,8.99,0.82,271.1,250.3,1212.8,910.4,463.6,1427.4
32.493822884720146,35.42810523707536,413.7,13.7,5.51,0.47,240.2,527.7,623.3,1374.2,963.7,946.1
32.51875608304869,35.40035107264986,254.3,2.4,7.8,0.51,712.7,1056.3,1404.4,354.8,984.9,1179.0
32.496517076229175,35.41505387156813,270.1,9.5,6.4,0.67,608.8,642.6,1029.0,1312.2,317.7,834.2
32.5358528533222,35.361619004473496,358.9,7.7,8.29,0.79,539.2,888.6,1424.6,1008.1,548.4,1285.4
32.47756763102381,35.42633316383285,307.1,7.5,8.83,0.63,752.2,957.5,762.0,399.3,825.3,1211.4
32.489026446808374,35.42231698479027,215.1,18.2,6.51,0.94,443.6,1176.7,1041.4,643.0,363.9,1252.7
32.52163211733936,35.404363570462294,402.7,0.3,9.39,0.37,487.5,140.5,528.3,535.7,537.0,1161.9
32.52539676242655,35.39159652745711,288.1,13.9,5.92,0.14,402.2,1024.8,705.9,868.7,906.6,1341.4
32.50721040965667,35.41450712388951,469.4,7.5,5.72,0.17,276.6,415.2,121.4,1178.0,242.3,1344.5
32.48171731152876,35.41864270966159,391.6,13.3,9.55,0.65,562.5,271.2,1320.0,454.7,63.0,1404.7
32.479208931528326,35.42333542732381,384.2,1.2,4.01,0.78,557.7,1107.9,1174.3,514.5,93.0,1141.2
32.5077561448741,35.40258286455385,260.0,15.3,8.07,0.17,145.2,514.6,667.2,661.5,857.3,821.2
32.51999142017847,35.364780641651926,273.6,2.7,6.27,0.96,626.1,366.6,365.0,759.3,120.5,953.4
32.5164746043309,35.414578502005554,398.6,18.3,9.72,0.7,686.2,517.0,1309.6,120.3,365.0,1045.9
32.523000175276394,35.38745047959637,481.7,9.3,8.83,0.32,578.8,432.4,1003.7,1350.6,622.2,872.4
32.494667914874604,35.40588730531123,267.7,5.1,8.87,0.61,79.1,352.2,488.8,1232.1,886.6,1310.0
32.5325720036504,35.37446561108485,423.1,1.0,9.29,0.52,689.0,1109.8,1150.6,294.5,140.6,1345.0
32.504525673539,35.420939376119726,360.9,9.5,7.18,0.94,219.6,296.8,692.8,463.5,427.0,1098.3
32.54200725931207,35.374845173045564,275.9,16.6,7.52,0.37,484.3,906.0,1224.4,193.9,828.3,1019.6
32.484511463425484,35.437101210520034,440.0,17.6,7.76,0.82,185.4,746.4,613.8,102.6,253.3,1056.3
32.52661110549982,35.36396292637906,276.4,1.0,7.98,0.61,503.7,741.9,864.5,724.9,277.3,1461.9
32.52682491506174,35.356098644555765,303.1,16.2,5.59,0.29,673.6,712.1,1036.7,1178.6,643.5,1040.3
32.500099861107145,35.42398919394915,332.4,19.3,7.0,0.75,709.9,498.8,1437.8,1316.0,230.5,1434.0
32.474836774039154,35.42234362809762,291.0,8.9,6.91,0.54,150.0,734.6,1038.2,539.9,226.6,919.5
32.53222251266846,35.37825879871763,399.9,10.4,9.29,0.78,649.7,1182.5,1092.5,915.1,624.8,1437.6
32.48361994106844,35.41462830747038,466.8,18.3,10.35,0.74,444.0,702.5,922.4,556.3,692.5,1426.0
32.54190330629274,35.36907503137185,304.7,6.8,6.35,0.58,529.8,1027.6,1498.9,985.0,586.0,1235.3
32.526599936713254,35.36178915569649,401.8,14.4,9.77,0.91,209.0,356.1,704.5,1267.9,133.0,1110.1
32.536300712502424,35.37807977375911,293.4,10.0,7.69,0.21,195.8,613.8,1265.8,499.3,380.2,999.6
32.51615113527856,35.41828325866894,259.2,11.4,6.38,0.78,189.3,766.4,755.0,395.6,701.4,1346.0
32.51915724507292,35.38108953436096,284.0,12.3,12.0,0.53,273.1,197.7,607.7,612.3,927.7,1494.3
32.4892282385395,35.43712357624733,263.1,16.3,7.86,0.23,376.3,178.3,743.1,196.1,462.2,837.4
32.50964147598831,35.404402571517494,418.0,18.1,7.03,0.71,778.0,567.7,1298.4,1042.4,445.2,980.1
32.486571242037215,35.428675077568364,264.9,0.4,5.47,0.61,356.1,347.5,650.4,763.4,349.0,829.8
32.516544143658656,35.390889604022085,244.1,5.8,8.02,0.73,425.1,1117.6,1406.6,1399.3,932.3,1128.1
32.52462814604139,35.35746747062789,456.8,8.9,8.36,0.69,348.4,783.8,451.9,256.2,303.7,908.3
32.51942264860978,35.34804950756236,293.5,15.6,5.48,0.18,75.3,1146.0,797.6,721.8,676.1,917.5
32.52851198649468,35.38706791835575,439.5,5.2,7.01,0.88,708.3,350.2,784.9,399.9,298.6,1454.2
32.520399097498064,35.40081159439886,372.5,9.3,9.74,0.62,297.2,972.1,948.7,704.3,831.4,1150.3
32.50066267382955,35.41189405604019,433.6,8.4,8.34,0.18,412.1,466.4,1486.8,687.7,910.6,1185.7
32.506447950657844,35.38673337003943,482.7,13.7,8.33,0.19,310.8,752.4,320.0,1267.9,692.6,1249.5
32.517030915397974,35.4108908757497,378.9,9.5,8.03,0.25,151.2,1010.9,327.9,1276.8,425.9,1201.8
32.52126326915651,35.37212746165601,239.9,18.5,7.73,0.81,437.9,1149.6,1076.7,1374.8,683.8,1306.2
32.533511800045986,35.376781899590014,480.0,4.1,4.0,0.53,517.3,1084.4,170.3,348.9,937.3,1254.9
32.543611494864045,35.36697394237477,342.4,4.2,8.3,0.64,511.7,913.1,696.1,1036.1,199.0,1382.2
32.4753052459999,35.42837130011432,280.0,13.2,7.49,0.37,554.3,880.6,1189.7,932.2,768.1,859.1
32.510581862185816,35.41651716443544,464.9,9.7,7.93,0.29,192.4,831.1,1030.6,145.0,375.7,1453.3
32.523116179145084,35.39556044068212,280.8,13.5,5.93,0.18,52.1,339.1,790.5,1486.7,405.6,1370.9
32.521755048200596,35.41186782176181,410.0,3.7,8.41,0.76,67.9,164.1,385.6,921.5,800.6,944.9
32.52890172097939,35.39045936146668,429.5,6.2,6.3,0.63,655.5,1167.5,971.2,635.0,845.2,1410.3
32.52001465964312,35.38881642999756,246.7,4.5,9.12,0.4,480.4,1084.9,868.8,109.5,85.7,1155.0
32.501100849660595,35.42419053639573,374.4,4.1,7.28,0.63,435.6,620.2,777.4,539.6,611.4,1373.4
32.49297580767021,35.421271011694046,488.2,17.5,6.87,0.2,139.5,1176.1,542.9,1207.3,486.6,1376.1
32.51331747731725,35.397524128347385,472.4,18.8,9.87,0.81,65.5,621.2,1288.9,1277.3,414.0,1332.8
32.51848161732761,35.381712319842656,387.2,19.9,8.29,0.76,603.7,594.4,598.2,1499.1,839.7,1402.8
32.53528924325438,35.3777787977651,342.7,0.3,6.78,0.25,665.3,620.6,1228.6,1131.3,305.9,1464.5
32.522972751284684,35.40576361657737,310.3,14.0,7.68,0.16,786.8,1149.3,1169.7,320.8,308.1,1015.8
32.518312138324575,35.388096200173266,465.7,15.8,9.14,0.75,190.2,188.0,232.1,960.8,486.5,1135.6
32.51138424746901,35.42370633404766,246.4,5.9,6.44,0.7,730.9,718.2,1165.0,954.0,214.2,1357.7
32.518884015689814,35.405590546767755,403.6,12.5,7.97,0.91,586.2,138.9,1395.7,1441.7,959.4,864.6
32.494716440271056,35.44047680919113,420.5,6.7,6.62,0.13,502.0,841.0,1193.3,470.2,239.5,1352.6
32.53395052018682,35.36970336463647,341.2,10.3,7.83,0.97,159.8,414.7,865.5,485.4,298.6,867.0
32.48787155299633,35.42467912973797,325.3,8.6,8.2,0.92,253.9,224.9,745.6,449.1,293.5,973.8
32.489104641543626,35.41981400572789,334.6,18.6,7.21,0.57,761.0,123.2,792.9,367.6,100.7,1120.0
32.48284011857399,35.41095386539403,360.8,14.8,6.75,0.6,569.0,563.6,756.1,916.0,943.5,1217.8
32.50673148754797,35.39788202951376,256.6,7.5,7.24,0.92,774.4,495.7,1418.6,1186.7,519.1,1272.8
32.486996213077376,35.4097294761166,446.9,3.4,8.27,0.73,259.7,1118.8,1186.8,1436.7,286.5,1460.7
32.48527855196512,35.430905905037996,239.9,0.3,5.66,0.84,625.1,544.5,269.1,445.3,409.7,1193.8
32.49657310898337,35.42083912129611,244.1,18.0,7.87,0.21,245.2,939.1,1272.0,816.5,67.0,1284.5
32.51881625137841,35.39273756607015,457.0,9.7,6.31,0.89,422.9,1043.0,166.4,840.4,400.2,1292.9
32.504165446542075,35.43024774141445,339.1,4.3,10.62,0.59,276.8,247.2,950.1,1209.5,910.7,1428.1
32.51961883719794,35.34386286889875,310.5,0.0,4.98,0.64,625.5,156.1,1480.7,1009.9,129.0,1479.6
32.482459070111844,35.42484995408703,405.6,8.6,7.94,0.26,579.9,1008.0,510.3,1227.6,448.4,1114.6
32.52381007266959,35.37791657731142,272.3,4.5,12.0,0.62,739.6,524.6,1082.5,693.0,541.9,831.3
32.47956147220811,35.418186429121384,423.3,14.6,6.08,0.36,141.5,778.4,1141.1,1211.1,216.8,1226.3
32.54085267858408,35.371728761057135,430.7,3.4,8.02,0.53,602.3,914.0,165.3,110.7,771.3,1188.3
32.500433938893394,35.41823378988553,417.6,5.7,7.17,0.96,666.7,190.4,1372.3,1409.7,515.7,1410.2
32.50579083653335,35.4295341749238,281.7,14.8,9.06,0.92,383.7,315.8,679.7,1484.2,564.5,928.4
32.50068898175895,35.42736077126529,283.3,17.0,7.03,0.22,263.9,764.3,729.8,661.8,541.3,1349.9
32.49673013327767,35.41829364182195,387.4,12.1,8.66,0.62,329.0,738.0,1330.7,1115.1,117.1,1175.2
32.488575916996346,35.41373181008721,353.2,5.4,9.42,0.57,718.9,562.3,874.2,1442.3,589.0,1143.3
32.51518175977854,35.40972160275073,376.3,7.1,8.69,0.26,75.6,347.0,1261.5,716.3,565.8,1214.0
32.50917978211539,35.40143194328897,258.1,9.6,8.3,0.31,737.7,1020.7,1458.8,740.9,728.9,1032.8
32.491604813847864,35.40506621917065,450.4,14.6,5.61,0.6,216.9,986.2,530.5,1337.6,586.2,982.8
32.491564779307886,35.411710079092195,253.8,14.2,6.01,0.91,491.6,1185.6,1022.3,258.5,944.6,1199.2
32.52481597308543,35.39231204837059,278.6,9.0,8.17,0.7,558.4,1082.4,1193.0,1269.2,479.8,1208.2
32.491549957940464,35.430796849916014,289.9,14.1,8.48,1.0,332.6,823.1,1161.8,1116.9,345.1,1320.0
32.50355538033412,35.427066119115345,401.6,14.3,6.93,0.58,327.6,714.2,975.3,1239.5,297.4,1228.1
32.51999518331512,35.357394305192244,380.1,3.8,6.4,0.43,597.2,961.1,1247.6,162.3,304.8,960.7
32.507534312360946,35.39599807756698,299.3,17.5,7.04,0.92,169.4,508.2,389.0,1315.9,920.4,1289.5
32.53655005958094,35.35968782374582,353.0,18.6,5.53,0.61,203.5,179.1,735.4,853.6,277.2,1378.4
32.49603950534704,35.43236388635649,284.8,14.7,5.89,0.71,419.2,473.6,804.9,994.7,273.7,969.0
32.52353543797504,35.35391779161567,358.0,15.0,10.46,0.99,166.8,783.3,1060.3,659.8,366.7,1449.6
32.48787892112078,35.411601672261305,201.7,17.6,10.07,0.91,287.5,318.5,1471.3,232.8,125.6,1341.2
32.5234464095008,35.35762446789194,443.8,17.8,10.21,0.81,426.2,918.3,567.1,616.1,524.1,929.1
32.512253234217354,35.39394087790108,333.2,4.5,7.62,0.19,342.7,1100.2,804.1,171.6,921.4,918.9
32.48452914211639,35.41538385105396,480.0,5.8,7.98,0.96,655.7,761.5,978.5,274.4,991.9,1468.9
32.522200390569544,35.38211896294452,389.2,16.5,12.0,0.78,544.7,231.9,371.1,945.0,553.1,964.7
32.50391750312504,35.40066335730749,273.1,6.5,6.88,0.91,714.3,1076.6,827.1,728.8,451.2,1475.7
32.48435968259764,35.42762013841124,428.2,1.5,7.64,0.51,396.5,688.1,361.2,239.1,594.0,1464.2
32.50767822526488,35.4022209447714,204.1,3.8,6.53,0.65,320.4,717.6,468.6,1046.1,785.7,1269.6
32.52595133836444,35.39896237738361,388.6,14.0,5.35,0.83,377.8,861.8,610.5,1232.8,695.7,1252.9
32.51263733635071,35.38291787844609,477.1,1.6,6.85,0.62,416.8,827.4,1131.3,1498.4,973.5,1359.1
32.52083345947241,35.4041394349239,369.9,1.7,7.73,0.53,178.6,165.1,203.4,384.6,870.6,1362.7
32.50952107435541,35.41688095612746,348.1,10.3,7.78,0.11,300.8,940.3,504.1,1102.1,414.4,1470.9
32.53203362151572,35.37814458848279,428.0,12.6,6.7,0.87,175.3,519.3,195.6,1169.4,409.9,1037.4
32.500273675017546,35.42556435744629,201.9,19.6,7.14,0.41,649.1,270.7,1105.2,196.3,883.2,1211.8
32.47719988260478,35.41680684742569,483.8,15.9,10.12,0.89,451.2,1015.3,316.9,1449.3,770.8,1415.4
32.494452239330045,35.40427841173172,325.4,0.9,8.72,0.71,111.0,754.5,1492.8,103.1,320.0,830.4
